video_id,subject,grade,duration_min,upload_date
1,Biology,Grade 7,9,2023-10-10
2,Arabic,Grade 12,16,2023-05-25
3,Biology,Grade 9,38,2023-04-04
4,Chemistry,Grade 11,56,2022-10-10
5,Biology,Grade 12,12,2022-03-24
6,Math,Grade 7,24,2023-08-19
7,Biology,Grade 9,20,2024-01-18
8,Chemistry,Grade 11,28,2023-06-06
9,Chemistry,Grade 11,24,2024-02-19
10,English,Grade 12,12,2023-03-11
11,Arabic,Grade 7,33,2022-03-26
12,Arabic,Grade 10,23,2022-12-05
13,English,Grade 7,56,2022-11-06
14,Chemistry,Grade 11,46,2022-05-28
15,Biology,Grade 12,29,2024-01-02
16,English,Grade 8,41,2023-09-28
17,Biology,Grade 8,7,2023-12-21
18,Physics,Grade 12,23,2022-08-27
19,English,Grade 12,56,2023-12-12
20,Math,Grade 10,38,2023-04-04
21,Biology,Grade 7,11,2023-02-01
22,English,Grade 12,59,2022-10-12
23,English,Grade 11,13,2022-05-11
24,Chemistry,Grade 12,12,2023-08-04
25,Math,Grade 8,23,2022-02-19
26,Arabic,Grade 9,41,2023-12-07
27,Chemistry,Grade 8,12,2022-09-21
28,Chemistry,Grade 12,51,2022-11-12
29,Arabic,Grade 10,28,2022-09-08
30,Biology,Grade 7,6,2023-09-19
31,Arabic,Grade 7,33,2022-10-28
32,Chemistry,Grade 12,16,2022-08-27
33,Biology,Grade 8,53,2023-07-10
34,English,Grade 9,52,2024-02-23
35,English,Grade 7,9,2022-12-18
36,Arabic,Grade 7,5,2022-09-20
37,Biology,Grade 11,17,2023-01-28
38,English,Grade 10,43,2023-08-16
39,Math,Grade 11,12,2023-03-29
40,Biology,Grade 10,58,2022-02-11
41,English,Grade 7,23,2022-03-08
42,English,Grade 9,50,2023-07-09
43,English,Grade 9,32,2024-01-11
44,Chemistry,Grade 7,14,2022-10-25
45,Arabic,Grade 10,53,2023-02-25
46,Biology,Grade 11,54,2024-03-04
47,Physics,Grade 12,38,2022-01-06
48,Arabic,Grade 11,14,2023-06-20
49,Arabic,Grade 11,22,2023-12-20
50,Physics,Grade 10,14,2022-12-28
51,Biology,Grade 7,25,2022-11-18
52,Math,Grade 9,6,2023-06-29
53,Chemistry,Grade 11,13,2024-01-10
54,Math,Grade 12,52,2023-04-19
55,Chemistry,Grade 10,42,2024-02-13
56,Chemistry,Grade 10,11,2022-09-10
57,Arabic,Grade 11,7,2022-08-24
58,Chemistry,Grade 7,30,2023-01-30
59,Arabic,Grade 12,11,2022-11-07
60,Physics,Grade 9,56,2023-09-28
61,Chemistry,Grade 9,44,2022-01-05
62,Physics,Grade 10,29,2023-07-09
63,Math,Grade 7,41,2023-08-03
64,Arabic,Grade 8,39,2023-07-15
65,Arabic,Grade 9,50,2023-02-07
66,Biology,Grade 12,31,2023-05-16
67,Chemistry,Grade 8,42,2023-10-15
68,Biology,Grade 10,39,2022-11-20
69,Biology,Grade 12,58,2023-04-20
70,Physics,Grade 9,11,2022-04-20
71,Arabic,Grade 7,42,2022-06-26
72,English,Grade 8,24,2022-11-21
73,Physics,Grade 11,27,2023-05-27
74,English,Grade 8,54,2022-09-07
75,Arabic,Grade 12,33,2023-08-10
76,Arabic,Grade 10,57,2022-02-25
77,Biology,Grade 12,58,2022-01-02
78,Physics,Grade 12,26,2023-12-16
79,Physics,Grade 10,25,2022-08-16
80,English,Grade 10,46,2023-01-12
81,Arabic,Grade 7,9,2022-12-14
82,Physics,Grade 7,44,2023-09-29
83,Chemistry,Grade 12,57,2024-01-29
84,Physics,Grade 10,51,2023-01-23
85,Math,Grade 12,52,2022-09-17
86,Physics,Grade 9,47,2024-01-10
87,Chemistry,Grade 11,58,2024-03-10
88,English,Grade 7,14,2023-10-10
89,Physics,Grade 9,37,2023-03-03
90,Chemistry,Grade 12,5,2022-05-25
91,Math,Grade 8,53,2023-01-10
92,English,Grade 8,40,2022-06-24
93,Biology,Grade 9,20,2022-12-10
94,Arabic,Grade 12,23,2022-09-26
95,Arabic,Grade 11,9,2022-04-25
96,Arabic,Grade 8,27,2023-05-11
97,Math,Grade 9,58,2023-04-20
98,Math,Grade 9,7,2023-09-29
99,Chemistry,Grade 10,50,2023-10-26
100,Math,Grade 9,54,2023-12-16
101,Biology,Grade 11,22,2023-02-23
102,Chemistry,Grade 10,7,2023-05-06
103,Biology,Grade 11,46,2023-05-05
104,Biology,Grade 11,55,2023-12-19
105,English,Grade 10,7,2022-09-08
106,Physics,Grade 10,18,2022-11-11
107,Arabic,Grade 8,12,2023-07-27
108,Biology,Grade 8,36,2023-06-24
109,Arabic,Grade 12,34,2023-11-10
110,Chemistry,Grade 10,23,2022-05-18
111,Arabic,Grade 11,10,2023-07-06
112,Math,Grade 7,13,2022-06-26
113,Arabic,Grade 9,52,2022-08-30
114,Math,Grade 12,34,2022-11-02
115,Physics,Grade 10,10,2022-12-25
116,Physics,Grade 9,52,2022-10-25
117,Biology,Grade 8,35,2022-07-01
118,Math,Grade 9,46,2022-09-12
119,Math,Grade 8,57,2024-01-18
120,Arabic,Grade 10,25,2023-08-09
121,Physics,Grade 8,44,2022-09-21
122,Math,Grade 11,59,2023-12-20
123,Chemistry,Grade 11,19,2023-08-14
124,Physics,Grade 11,47,2022-07-31
125,Biology,Grade 9,25,2022-05-30
126,Biology,Grade 9,47,2023-03-07
127,English,Grade 7,18,2023-01-05
128,Physics,Grade 9,42,2023-02-04
129,Math,Grade 12,16,2022-12-15
130,Biology,Grade 12,19,2023-02-08
131,Physics,Grade 7,41,2022-10-04
132,Arabic,Grade 10,15,2024-01-25
133,Math,Grade 10,34,2022-02-20
134,Physics,Grade 10,58,2023-10-26
135,Arabic,Grade 10,39,2023-02-15
136,Chemistry,Grade 9,39,2022-07-14
137,Biology,Grade 12,46,2023-01-15
138,Physics,Grade 11,46,2023-01-11
139,English,Grade 11,56,2023-08-23
140,Math,Grade 8,41,2023-05-11
141,Arabic,Grade 10,32,2023-10-26
142,Physics,Grade 11,45,2024-01-14
143,Physics,Grade 7,14,2024-01-07
144,Arabic,Grade 10,15,2024-02-24
145,English,Grade 7,6,2023-01-25
146,Physics,Grade 9,6,2024-03-08
147,Math,Grade 10,50,2024-02-17
148,Biology,Grade 10,21,2024-01-21
149,Math,Grade 12,44,2022-07-19
150,Math,Grade 11,53,2023-04-12
151,Biology,Grade 9,17,2024-03-03
152,English,Grade 8,42,2022-09-24
153,Physics,Grade 7,6,2022-06-09
154,Arabic,Grade 10,56,2022-01-25
155,Arabic,Grade 7,30,2024-01-23
156,Chemistry,Grade 12,31,2022-03-03
157,Math,Grade 10,57,2023-08-02
158,Biology,Grade 12,54,2023-11-29
159,Arabic,Grade 12,57,2023-04-01
160,Biology,Grade 10,43,2022-01-14
161,Arabic,Grade 8,41,2022-11-29
162,Biology,Grade 11,37,2023-05-29
163,Math,Grade 7,22,2022-09-10
164,Chemistry,Grade 7,33,2022-12-01
165,Chemistry,Grade 9,8,2022-12-12
166,Math,Grade 9,52,2023-05-23
167,English,Grade 11,34,2023-02-04
168,English,Grade 11,42,2023-01-29
169,Physics,Grade 12,21,2022-05-07
170,Physics,Grade 9,52,2022-12-15
171,Biology,Grade 12,44,2022-08-13
172,Math,Grade 9,17,2023-08-14
173,Math,Grade 9,24,2022-12-16
174,Biology,Grade 11,40,2023-12-21
175,Biology,Grade 9,9,2024-01-08
176,Arabic,Grade 8,58,2023-05-05
177,Chemistry,Grade 12,31,2022-12-03
178,Arabic,Grade 11,27,2023-08-06
179,Biology,Grade 9,15,2023-10-30
180,Biology,Grade 11,39,2023-06-14
181,Biology,Grade 8,22,2022-10-09
182,Arabic,Grade 7,48,2023-12-04
183,Chemistry,Grade 9,57,2023-01-15
184,Biology,Grade 8,7,2022-03-01
185,Physics,Grade 10,35,2022-04-08
186,Chemistry,Grade 11,47,2023-11-26
187,Physics,Grade 7,19,2023-11-26
188,Physics,Grade 10,39,2023-07-07
189,Chemistry,Grade 9,43,2022-10-22
190,Physics,Grade 10,10,2022-05-04
191,Math,Grade 9,33,2022-09-10
192,Arabic,Grade 8,31,2022-08-21
193,Biology,Grade 8,32,2022-12-17
194,Math,Grade 12,7,2022-07-05
195,Biology,Grade 7,27,2023-08-19
196,Biology,Grade 12,30,2023-01-23
197,Math,Grade 10,31,2023-09-24
198,Biology,Grade 11,10,2022-10-17
199,Chemistry,Grade 12,37,2022-06-28
200,Arabic,Grade 8,18,2024-01-26
201,Biology,Grade 8,57,2022-10-23
202,Arabic,Grade 9,56,2023-03-21
203,English,Grade 12,7,2022-07-09
204,Physics,Grade 7,23,2024-01-06
205,Biology,Grade 7,44,2023-02-03
206,Physics,Grade 12,23,2023-11-18
207,Arabic,Grade 9,31,2022-06-29
208,Math,Grade 11,54,2024-02-11
209,Arabic,Grade 8,41,2023-05-20
210,Chemistry,Grade 7,55,2022-02-04
211,Chemistry,Grade 9,46,2023-03-22
212,Arabic,Grade 12,52,2022-02-05
213,Arabic,Grade 10,55,2022-03-19
214,Physics,Grade 12,44,2023-10-14
215,Physics,Grade 7,45,2024-03-07
216,Biology,Grade 8,6,2022-11-11
217,Physics,Grade 8,49,2024-01-27
218,English,Grade 8,18,2022-10-27
219,Math,Grade 10,53,2022-01-21
220,Math,Grade 10,32,2023-07-20
221,English,Grade 8,14,2022-01-04
222,Physics,Grade 9,42,2023-05-12
223,English,Grade 12,32,2022-12-16
224,Arabic,Grade 9,17,2023-10-30
225,Arabic,Grade 8,32,2024-02-11
226,Math,Grade 9,49,2022-04-16
227,Arabic,Grade 11,21,2023-07-13
228,Chemistry,Grade 8,9,2022-10-13
229,Arabic,Grade 7,51,2022-05-20
230,Math,Grade 11,9,2023-05-09
231,Biology,Grade 12,23,2023-12-26
232,Physics,Grade 11,38,2022-10-29
233,Physics,Grade 9,45,2022-12-13
234,Biology,Grade 11,47,2022-12-27
235,Chemistry,Grade 10,43,2022-07-29
236,Chemistry,Grade 9,35,2023-10-26
237,Biology,Grade 9,29,2022-07-28
238,Arabic,Grade 10,55,2022-11-27
239,Math,Grade 11,5,2022-04-28
240,Chemistry,Grade 9,54,2023-07-18
241,Chemistry,Grade 9,26,2022-06-17
242,Biology,Grade 12,42,2023-02-11
243,English,Grade 7,52,2022-05-30
244,Biology,Grade 12,33,2023-03-06
245,Chemistry,Grade 9,6,2023-01-12
246,Arabic,Grade 9,45,2024-02-29
247,English,Grade 10,46,2022-07-05
248,Physics,Grade 12,34,2022-03-11
249,Physics,Grade 9,21,2022-12-09
250,Physics,Grade 9,40,2022-01-17
251,English,Grade 11,56,2023-10-23
252,Physics,Grade 9,18,2023-12-23
253,Chemistry,Grade 8,21,2023-12-05
254,Chemistry,Grade 8,32,2023-10-20
255,Physics,Grade 7,57,2023-12-21
256,Physics,Grade 8,10,2023-02-01
257,Arabic,Grade 8,13,2023-02-04
258,Arabic,Grade 10,15,2023-05-14
259,English,Grade 10,12,2023-12-25
260,Arabic,Grade 7,51,2023-10-28
261,Math,Grade 10,56,2023-02-26
262,Arabic,Grade 9,58,2022-01-06
263,Arabic,Grade 7,27,2023-11-28
264,Chemistry,Grade 9,10,2023-07-19
265,Physics,Grade 11,25,2022-08-30
266,English,Grade 10,21,2022-12-21
267,Arabic,Grade 9,43,2023-01-19
268,Arabic,Grade 11,15,2023-08-18
269,Arabic,Grade 10,43,2024-01-05
270,Chemistry,Grade 10,9,2022-01-02
271,Math,Grade 7,35,2023-03-09
272,Biology,Grade 8,20,2023-08-09
273,English,Grade 8,16,2023-01-27
274,English,Grade 9,34,2023-05-29
275,Physics,Grade 7,29,2022-01-28
276,Chemistry,Grade 8,16,2023-06-02
277,Chemistry,Grade 12,7,2022-11-25
278,English,Grade 9,21,2023-09-19
279,Chemistry,Grade 12,57,2023-09-29
280,Arabic,Grade 9,8,2024-01-01
281,Chemistry,Grade 8,10,2024-02-04
282,Biology,Grade 11,54,2022-04-05
283,Chemistry,Grade 9,52,2024-03-07
284,Math,Grade 8,19,2022-04-15
285,Physics,Grade 11,36,2023-08-01
286,English,Grade 8,25,2022-03-04
287,Arabic,Grade 9,6,2022-09-19
288,Physics,Grade 11,50,2023-09-02
289,English,Grade 9,52,2022-01-29
290,Physics,Grade 8,7,2022-10-26
291,English,Grade 7,29,2022-02-25
292,English,Grade 7,31,2022-03-09
293,Chemistry,Grade 8,31,2023-05-19
294,Chemistry,Grade 10,27,2023-10-02
295,English,Grade 11,13,2023-02-14
296,Arabic,Grade 7,40,2022-09-23
297,Arabic,Grade 8,15,2022-06-24
298,Physics,Grade 10,43,2023-03-13
299,English,Grade 9,11,2022-01-25
300,Arabic,Grade 9,17,2022-09-25
301,Chemistry,Grade 9,11,2022-04-16
302,Biology,Grade 8,46,2022-11-25
303,Chemistry,Grade 12,51,2024-02-18
304,Physics,Grade 12,47,2022-09-13
305,English,Grade 11,17,2022-07-02
306,Chemistry,Grade 8,57,2023-12-03
307,English,Grade 10,10,2023-02-01
308,Math,Grade 11,8,2022-07-12
309,Biology,Grade 9,47,2022-05-18
310,Biology,Grade 7,29,2022-02-11
311,Chemistry,Grade 7,24,2023-12-20
312,Arabic,Grade 7,13,2022-02-06
313,Physics,Grade 12,29,2023-04-18
314,Arabic,Grade 10,41,2023-04-12
315,Chemistry,Grade 12,13,2023-03-25
316,Physics,Grade 9,45,2022-01-09
317,English,Grade 7,48,2023-03-08
318,Biology,Grade 11,23,2022-05-18
319,Physics,Grade 7,16,2023-12-02
320,Math,Grade 10,39,2023-12-05
321,Chemistry,Grade 7,8,2024-03-09
322,Chemistry,Grade 12,23,2023-02-09
323,Arabic,Grade 10,54,2023-09-26
324,English,Grade 10,48,2022-09-21
325,Math,Grade 11,50,2023-05-04
326,Arabic,Grade 10,10,2022-11-18
327,Math,Grade 8,35,2023-01-22
328,Biology,Grade 9,51,2022-06-01
329,Physics,Grade 10,55,2022-10-06
330,Biology,Grade 8,36,2022-04-26
331,Physics,Grade 8,13,2023-03-07
332,Arabic,Grade 7,52,2022-08-10
333,Math,Grade 11,30,2022-01-23
334,Physics,Grade 7,10,2022-12-02
335,English,Grade 11,41,2022-01-22
336,Biology,Grade 7,47,2023-09-10
337,Chemistry,Grade 7,38,2023-12-19
338,Chemistry,Grade 8,44,2022-01-28
339,Chemistry,Grade 9,55,2022-05-27
340,Arabic,Grade 8,25,2022-09-08
341,Biology,Grade 7,46,2023-05-13
342,Physics,Grade 9,31,2022-12-17
343,Biology,Grade 7,56,2024-03-07
344,Biology,Grade 7,23,2023-07-06
345,Arabic,Grade 9,31,2022-05-01
346,Physics,Grade 8,7,2022-04-21
347,Physics,Grade 10,29,2024-02-23
348,Biology,Grade 12,38,2022-07-31
349,Biology,Grade 7,55,2024-03-09
350,English,Grade 10,25,2022-07-04
351,English,Grade 8,15,2022-05-07
352,English,Grade 10,31,2023-01-20
353,Chemistry,Grade 8,32,2022-09-29
354,Biology,Grade 10,8,2023-03-17
355,Math,Grade 10,48,2022-10-06
356,Chemistry,Grade 7,45,2023-06-11
357,Math,Grade 9,57,2023-08-11
358,Biology,Grade 9,52,2023-10-19
359,Biology,Grade 8,30,2022-01-08
360,Arabic,Grade 7,25,2024-01-13
361,English,Grade 10,43,2023-04-27
362,Biology,Grade 8,8,2024-02-01
363,Arabic,Grade 9,41,2022-04-09
364,English,Grade 10,53,2022-09-06
365,English,Grade 7,59,2023-07-07
366,Arabic,Grade 8,47,2023-11-14
367,Physics,Grade 12,8,2022-05-26
368,Arabic,Grade 11,54,2023-06-11
369,Physics,Grade 7,27,2023-08-16
370,Physics,Grade 12,13,2023-02-21
371,Chemistry,Grade 8,44,2023-05-31
372,Physics,Grade 10,28,2024-02-07
373,English,Grade 8,33,2022-10-30
374,Chemistry,Grade 7,11,2022-12-15
375,Chemistry,Grade 9,22,2022-07-15
376,Chemistry,Grade 12,6,2023-01-24
377,English,Grade 12,32,2023-05-09
378,Biology,Grade 9,47,2023-05-08
379,Arabic,Grade 7,45,2023-04-04
380,English,Grade 10,33,2023-04-10
381,Arabic,Grade 9,49,2023-12-17
382,Math,Grade 11,21,2023-06-17
383,Math,Grade 11,35,2023-12-04
384,Biology,Grade 11,21,2023-09-04
385,Physics,Grade 8,35,2022-10-25
386,English,Grade 10,27,2023-03-22
387,Math,Grade 10,14,2022-08-30
388,English,Grade 9,10,2022-11-11
389,English,Grade 7,42,2022-07-05
390,Math,Grade 11,51,2022-12-16
391,English,Grade 12,31,2023-09-29
392,Chemistry,Grade 11,15,2022-11-13
393,English,Grade 7,24,2023-02-06
394,English,Grade 7,50,2024-02-24
395,Math,Grade 11,9,2023-01-18
396,English,Grade 7,36,2024-02-15
397,Arabic,Grade 8,9,2023-11-19
398,Chemistry,Grade 9,26,2022-04-15
399,Biology,Grade 12,5,2022-05-22
400,Biology,Grade 12,24,2024-01-18
401,Biology,Grade 8,55,2023-05-27
402,Chemistry,Grade 11,19,2023-04-20
403,Math,Grade 9,15,2022-10-14
404,Math,Grade 9,36,2022-12-09
405,Arabic,Grade 12,59,2024-02-17
406,Chemistry,Grade 9,32,2022-12-06
407,Chemistry,Grade 10,32,2023-11-28
408,Arabic,Grade 10,21,2023-10-13
409,Math,Grade 9,38,2023-03-02
410,Math,Grade 10,28,2022-07-12
411,Physics,Grade 8,6,2023-11-22
412,Physics,Grade 11,31,2023-08-01
413,English,Grade 12,13,2023-02-14
414,Physics,Grade 11,56,2022-01-15
415,Physics,Grade 12,23,2024-03-06
416,English,Grade 11,40,2022-11-21
417,Math,Grade 7,59,2022-08-14
418,Biology,Grade 8,33,2023-06-01
419,Chemistry,Grade 12,15,2023-10-26
420,Physics,Grade 11,36,2022-06-05
421,Biology,Grade 11,31,2022-04-10
422,Physics,Grade 11,56,2022-09-18
423,Arabic,Grade 11,43,2022-11-22
424,Physics,Grade 10,28,2023-12-04
425,Arabic,Grade 10,31,2022-04-13
426,English,Grade 8,31,2022-01-20
427,Chemistry,Grade 8,44,2022-08-13
428,Physics,Grade 11,36,2022-01-06
429,Arabic,Grade 11,49,2022-08-17
430,Chemistry,Grade 11,48,2022-03-24
431,Physics,Grade 7,26,2022-03-14
432,English,Grade 12,53,2022-04-07
433,Physics,Grade 9,46,2023-01-17
434,English,Grade 12,36,2023-09-23
435,Math,Grade 10,52,2024-03-08
436,Biology,Grade 11,50,2023-06-21
437,Biology,Grade 12,39,2022-06-27
438,Chemistry,Grade 12,58,2022-09-20
439,Arabic,Grade 7,5,2022-02-14
440,Biology,Grade 7,57,2023-01-17
441,Arabic,Grade 7,38,2023-02-20
442,Arabic,Grade 10,5,2023-02-07
443,Biology,Grade 12,46,2022-05-09
444,Biology,Grade 9,39,2022-06-07
445,Arabic,Grade 11,33,2023-11-12
446,Arabic,Grade 11,22,2022-07-03
447,Physics,Grade 9,10,2023-04-19
448,Physics,Grade 10,10,2024-01-29
449,Arabic,Grade 7,31,2023-09-23
450,Biology,Grade 11,43,2023-04-26
451,Physics,Grade 7,59,2022-02-20
452,Arabic,Grade 9,57,2022-11-12
453,English,Grade 11,23,2022-10-27
454,Arabic,Grade 11,42,2023-06-14
455,Chemistry,Grade 11,7,2023-11-13
456,Chemistry,Grade 8,57,2024-02-26
457,Arabic,Grade 9,55,2022-10-13
458,Arabic,Grade 9,42,2022-09-09
459,Arabic,Grade 7,24,2023-09-08
460,Physics,Grade 10,6,2023-05-23
461,Math,Grade 11,11,2022-05-23
462,Physics,Grade 11,9,2022-08-06
463,Arabic,Grade 12,29,2023-08-19
464,Physics,Grade 11,46,2022-06-16
465,Math,Grade 9,57,2023-05-16
466,Math,Grade 11,17,2022-09-25
467,Math,Grade 9,16,2023-02-04
468,English,Grade 10,9,2023-09-23
469,Arabic,Grade 10,16,2024-01-19
470,Biology,Grade 9,22,2023-04-22
471,Biology,Grade 11,7,2023-01-11
472,Biology,Grade 12,58,2023-12-22
473,Chemistry,Grade 12,8,2023-05-19
474,Biology,Grade 9,47,2023-06-24
475,Arabic,Grade 11,23,2022-09-06
476,Arabic,Grade 11,25,2022-01-30
477,Chemistry,Grade 8,29,2023-03-03
478,English,Grade 9,7,2023-06-14
479,Arabic,Grade 7,11,2023-11-10
480,English,Grade 7,13,2022-07-14
481,Arabic,Grade 10,8,2022-05-26
482,Chemistry,Grade 11,59,2023-04-30
483,English,Grade 11,27,2023-10-21
484,English,Grade 8,15,2022-10-05
485,English,Grade 11,23,2022-04-19
486,Chemistry,Grade 10,5,2022-08-06
487,Chemistry,Grade 9,8,2022-08-24
488,Arabic,Grade 9,13,2023-02-23
489,Chemistry,Grade 10,46,2022-12-11
490,English,Grade 12,11,2022-01-29
491,Math,Grade 8,30,2023-09-01
492,Physics,Grade 9,58,2022-09-12
493,Chemistry,Grade 10,25,2024-01-11
494,English,Grade 11,52,2023-10-13
495,Chemistry,Grade 9,14,2022-04-23
496,Chemistry,Grade 10,14,2022-08-08
497,English,Grade 8,5,2023-06-27
498,English,Grade 12,40,2022-07-31
499,Chemistry,Grade 9,7,2022-07-15
500,Physics,Grade 8,39,2022-10-04
501,Arabic,Grade 7,49,2023-12-11
502,Biology,Grade 8,16,2024-03-10
503,Math,Grade 10,31,2023-02-11
504,Arabic,Grade 11,21,2022-12-09
505,Chemistry,Grade 9,23,2022-06-29
506,English,Grade 8,14,2022-07-13
507,Arabic,Grade 9,47,2023-11-20
508,English,Grade 9,30,2024-01-09
509,Math,Grade 12,12,2023-04-20
510,Arabic,Grade 10,56,2023-04-02
511,Arabic,Grade 10,43,2023-08-13
512,English,Grade 7,6,2022-07-11
513,Chemistry,Grade 11,16,2024-01-08
514,English,Grade 7,43,2024-02-08
515,Physics,Grade 10,58,2023-06-14
516,English,Grade 7,44,2023-01-13
517,Biology,Grade 8,35,2022-04-25
518,Arabic,Grade 12,33,2023-03-18
519,Physics,Grade 8,12,2022-08-21
520,English,Grade 9,19,2024-01-19
521,Biology,Grade 7,30,2023-07-21
522,Math,Grade 12,52,2023-11-28
523,Math,Grade 7,40,2023-06-26
524,Arabic,Grade 10,45,2023-01-30
525,Biology,Grade 7,8,2023-07-09
526,Math,Grade 12,54,2022-03-14
527,Chemistry,Grade 9,37,2024-03-02
528,Physics,Grade 10,16,2022-04-15
529,Arabic,Grade 9,54,2023-07-21
530,English,Grade 8,57,2022-08-22
531,English,Grade 10,15,2023-11-19
532,Math,Grade 11,34,2023-04-03
533,English,Grade 9,57,2022-09-07
534,Physics,Grade 11,49,2022-06-10
535,Chemistry,Grade 11,30,2023-10-21
536,English,Grade 9,54,2022-03-23
537,Arabic,Grade 10,34,2022-04-06
538,Arabic,Grade 12,40,2023-10-22
539,Math,Grade 11,37,2023-08-11
540,Arabic,Grade 10,49,2022-04-27
541,Physics,Grade 11,35,2022-06-14
542,Biology,Grade 9,6,2023-01-13
543,Physics,Grade 7,19,2022-12-12
544,Chemistry,Grade 12,6,2022-03-10
545,English,Grade 10,57,2023-02-17
546,Arabic,Grade 11,16,2023-12-15
547,Chemistry,Grade 7,22,2024-02-05
548,Chemistry,Grade 12,12,2023-08-17
549,Arabic,Grade 7,7,2023-08-31
550,Biology,Grade 7,39,2023-05-08
551,Physics,Grade 12,37,2024-02-27
552,Chemistry,Grade 9,35,2022-08-09
553,Physics,Grade 9,8,2023-06-21
554,Chemistry,Grade 9,27,2024-01-13
555,Arabic,Grade 9,41,2022-09-25
556,Arabic,Grade 10,49,2022-08-02
557,Arabic,Grade 11,49,2023-04-20
558,Arabic,Grade 10,39,2022-11-16
559,Arabic,Grade 7,44,2022-11-20
560,Physics,Grade 12,57,2024-02-06
561,Chemistry,Grade 11,42,2022-05-21
562,English,Grade 11,5,2023-01-03
563,Math,Grade 12,7,2024-03-07
564,Biology,Grade 12,14,2023-01-07
565,Math,Grade 7,56,2023-07-22
566,English,Grade 8,34,2022-08-28
567,Chemistry,Grade 12,32,2022-10-20
568,Physics,Grade 11,20,2023-07-03
569,English,Grade 10,8,2023-11-18
570,Chemistry,Grade 11,57,2022-11-01
571,Biology,Grade 12,52,2023-12-07
572,English,Grade 12,49,2023-08-08
573,Chemistry,Grade 7,8,2023-04-12
574,Arabic,Grade 7,27,2023-09-14
575,Math,Grade 12,44,2023-11-17
576,Biology,Grade 10,27,2022-02-20
577,Biology,Grade 7,54,2022-01-25
578,Math,Grade 11,19,2023-11-20
579,Physics,Grade 9,17,2023-02-02
580,Math,Grade 10,5,2023-01-02
581,Math,Grade 7,41,2022-08-22
582,Math,Grade 8,28,2022-07-06
583,Physics,Grade 8,48,2022-05-09
584,Biology,Grade 9,5,2024-01-07
585,English,Grade 11,49,2022-03-13
586,Chemistry,Grade 12,54,2022-06-30
587,Math,Grade 9,49,2022-01-24
588,Physics,Grade 11,17,2023-10-17
589,Chemistry,Grade 12,42,2023-10-11
590,English,Grade 12,21,2022-10-19
591,English,Grade 8,55,2022-10-10
592,Chemistry,Grade 7,34,2023-05-12
593,Biology,Grade 9,24,2022-02-18
594,English,Grade 7,46,2023-09-13
595,Arabic,Grade 8,9,2022-10-23
596,Chemistry,Grade 11,45,2023-10-22
597,Math,Grade 12,9,2022-06-22
598,Chemistry,Grade 7,58,2022-03-30
599,Arabic,Grade 8,50,2023-02-01
600,Arabic,Grade 10,59,2022-08-09
601,Biology,Grade 12,41,2022-10-08
602,Physics,Grade 9,20,2022-04-11
603,English,Grade 11,25,2022-08-30
604,English,Grade 11,38,2022-04-30
605,English,Grade 10,50,2022-07-26
606,Biology,Grade 12,54,2022-11-02
607,English,Grade 12,10,2024-01-15
608,Arabic,Grade 9,46,2023-12-07
609,Physics,Grade 7,10,2023-11-27
610,English,Grade 8,14,2023-03-10
611,English,Grade 8,35,2022-12-11
612,English,Grade 7,10,2023-03-11
613,English,Grade 7,7,2023-07-18
614,English,Grade 9,48,2023-01-19
615,Biology,Grade 10,59,2023-05-27
616,Math,Grade 8,56,2023-04-25
617,Chemistry,Grade 10,29,2022-07-16
618,Math,Grade 9,24,2023-08-11
619,Math,Grade 7,39,2022-09-29
620,Chemistry,Grade 12,5,2024-01-01
621,English,Grade 8,56,2022-03-22
622,Chemistry,Grade 10,35,2023-12-21
623,English,Grade 11,18,2023-05-21
624,Arabic,Grade 8,7,2022-10-28
625,Chemistry,Grade 11,20,2022-03-17
626,Math,Grade 11,18,2022-05-04
627,English,Grade 11,7,2023-12-16
628,English,Grade 11,10,2023-03-09
629,Chemistry,Grade 12,13,2022-08-25
630,Arabic,Grade 8,37,2023-03-26
631,Physics,Grade 11,45,2022-12-24
632,Biology,Grade 12,16,2022-03-13
633,English,Grade 8,6,2022-01-12
634,Math,Grade 7,47,2024-01-03
635,Chemistry,Grade 10,50,2023-09-20
636,Physics,Grade 10,7,2023-11-19
637,Biology,Grade 10,17,2023-01-01
638,Biology,Grade 7,35,2024-02-18
639,English,Grade 10,13,2022-01-09
640,Biology,Grade 12,44,2022-06-04
641,English,Grade 7,45,2023-06-20
642,Math,Grade 9,12,2023-07-21
643,Biology,Grade 8,26,2023-06-17
644,English,Grade 9,30,2023-05-12
645,Math,Grade 7,20,2022-10-14
646,Math,Grade 11,36,2022-07-27
647,Arabic,Grade 7,39,2022-01-07
648,Biology,Grade 12,40,2023-01-10
649,Chemistry,Grade 8,5,2023-09-12
650,English,Grade 9,11,2022-08-09
651,Physics,Grade 7,54,2023-06-24
652,Math,Grade 8,53,2022-10-29
653,Math,Grade 11,44,2023-05-07
654,Arabic,Grade 12,46,2022-11-08
655,Math,Grade 9,52,2023-12-18
656,English,Grade 9,15,2022-06-22
657,Math,Grade 10,15,2022-01-31
658,Chemistry,Grade 9,17,2022-07-07
659,Math,Grade 10,45,2022-04-20
660,Physics,Grade 9,8,2023-08-06
661,Physics,Grade 9,29,2023-10-29
662,Chemistry,Grade 7,7,2023-01-08
663,Arabic,Grade 11,14,2022-08-16
664,Chemistry,Grade 12,9,2022-07-14
665,Physics,Grade 11,16,2022-08-01
666,Chemistry,Grade 9,38,2024-01-05
667,Chemistry,Grade 9,16,2024-01-29
668,Biology,Grade 10,57,2022-04-27
669,Biology,Grade 11,42,2022-11-29
670,English,Grade 12,19,2023-06-07
671,Chemistry,Grade 7,25,2022-04-30
672,Math,Grade 11,59,2022-06-11
673,Chemistry,Grade 8,8,2022-08-23
674,Arabic,Grade 11,15,2023-10-20
675,Chemistry,Grade 7,14,2022-01-14
676,Physics,Grade 11,11,2022-05-24
677,Arabic,Grade 12,13,2022-11-12
678,Physics,Grade 7,22,2023-10-14
679,Arabic,Grade 10,51,2023-04-07
680,Arabic,Grade 9,31,2022-08-07
681,Physics,Grade 12,47,2022-06-18
682,English,Grade 12,32,2023-10-07
683,Chemistry,Grade 10,36,2023-08-14
684,Arabic,Grade 9,14,2023-08-23
685,Math,Grade 10,38,2023-06-28
686,Physics,Grade 10,59,2024-02-14
687,Physics,Grade 9,9,2022-12-10
688,Chemistry,Grade 7,24,2023-09-20
689,Chemistry,Grade 8,59,2024-03-04
690,Arabic,Grade 9,34,2023-08-14
691,Physics,Grade 7,37,2024-01-08
692,Chemistry,Grade 7,23,2022-11-01
693,Physics,Grade 7,6,2023-10-21
694,Math,Grade 12,22,2023-09-10
695,Physics,Grade 11,18,2023-08-08
696,Arabic,Grade 9,9,2023-02-13
697,Math,Grade 9,22,2022-04-11
698,Math,Grade 10,49,2022-02-15
699,English,Grade 9,55,2023-01-02
700,Biology,Grade 7,19,2022-04-19
701,Chemistry,Grade 8,27,2023-05-17
702,Math,Grade 8,54,2022-05-01
703,English,Grade 10,8,2022-03-31
704,English,Grade 9,38,2022-11-24
705,English,Grade 8,28,2022-05-13
706,Biology,Grade 9,16,2022-03-28
707,Arabic,Grade 10,33,2022-01-22
708,Chemistry,Grade 9,10,2023-04-17
709,Physics,Grade 10,28,2022-12-10
710,Physics,Grade 11,51,2023-02-09
711,Physics,Grade 8,26,2022-07-10
712,Math,Grade 10,21,2024-01-15
713,English,Grade 10,36,2022-11-27
714,Chemistry,Grade 10,29,2024-01-28
715,English,Grade 10,57,2022-04-04
716,Arabic,Grade 10,30,2022-04-06
717,Biology,Grade 10,31,2023-02-21
718,Chemistry,Grade 9,11,2022-11-18
719,Biology,Grade 12,39,2022-07-08
720,Biology,Grade 7,38,2024-03-05
721,Physics,Grade 10,31,2023-05-31
722,Math,Grade 7,12,2023-02-14
723,Math,Grade 11,39,2022-08-07
724,Arabic,Grade 12,22,2024-02-04
725,Arabic,Grade 11,27,2022-02-01
726,Physics,Grade 8,34,2023-11-30
727,English,Grade 10,20,2022-01-12
728,Biology,Grade 12,35,2023-04-26
729,English,Grade 8,42,2024-03-03
730,Physics,Grade 8,54,2023-03-01
731,Math,Grade 8,38,2022-01-17
732,English,Grade 8,5,2023-06-30
733,Math,Grade 9,13,2022-01-27
734,Physics,Grade 10,40,2022-03-16
735,Chemistry,Grade 9,48,2022-05-12
736,Math,Grade 8,8,2022-07-16
737,Arabic,Grade 10,49,2023-11-21
738,Chemistry,Grade 11,24,2024-01-18
739,Physics,Grade 9,49,2024-02-17
740,Chemistry,Grade 11,21,2023-01-16
741,Biology,Grade 10,48,2022-05-05
742,English,Grade 12,14,2022-10-03
743,Chemistry,Grade 8,50,2022-06-17
744,English,Grade 10,47,2022-02-18
745,Physics,Grade 8,44,2023-08-08
746,Biology,Grade 11,17,2024-02-22
747,English,Grade 10,42,2024-02-11
748,Arabic,Grade 10,48,2022-06-23
749,Arabic,Grade 10,20,2023-07-16
750,English,Grade 9,43,2022-12-17
751,English,Grade 7,37,2024-02-27
752,Math,Grade 12,31,2024-01-28
753,Chemistry,Grade 9,41,2023-11-06
754,English,Grade 11,52,2023-08-17
755,Physics,Grade 8,20,2023-12-26
756,Arabic,Grade 11,19,2023-12-10
757,English,Grade 10,20,2022-02-05
758,Arabic,Grade 7,10,2023-02-15
759,Chemistry,Grade 10,33,2022-10-25
760,Physics,Grade 9,44,2023-01-26
761,Physics,Grade 8,21,2024-02-07
762,Biology,Grade 12,44,2022-06-23
763,English,Grade 11,11,2022-01-14
764,Arabic,Grade 9,38,2022-05-06
765,English,Grade 7,49,2022-07-19
766,Chemistry,Grade 9,59,2022-07-19
767,Arabic,Grade 9,40,2023-02-13
768,Chemistry,Grade 7,30,2024-02-18
769,English,Grade 11,30,2023-07-05
770,English,Grade 8,15,2023-02-27
771,Math,Grade 9,58,2022-03-14
772,Chemistry,Grade 10,29,2023-01-26
773,Physics,Grade 11,40,2024-02-14
774,Math,Grade 11,46,2022-07-24
775,Chemistry,Grade 12,52,2023-06-13
776,English,Grade 12,6,2022-11-10
777,Arabic,Grade 7,45,2023-07-15
778,Biology,Grade 11,32,2023-01-28
779,Arabic,Grade 12,5,2024-02-02
780,Math,Grade 10,10,2022-05-11
781,Math,Grade 11,59,2022-07-22
782,Math,Grade 8,44,2023-09-29
783,Chemistry,Grade 7,40,2023-05-08
784,Physics,Grade 10,5,2022-08-06
785,Math,Grade 8,53,2023-08-18
786,Physics,Grade 7,19,2024-02-06
787,Math,Grade 7,5,2023-07-03
788,Biology,Grade 8,23,2023-02-12
789,Arabic,Grade 11,29,2023-12-24
790,English,Grade 10,18,2022-04-03
791,Chemistry,Grade 10,26,2023-02-20
792,Biology,Grade 9,27,2023-02-07
793,Biology,Grade 9,11,2022-01-08
794,Physics,Grade 7,38,2024-01-06
795,Biology,Grade 9,15,2022-09-09
796,Chemistry,Grade 10,20,2023-01-04
797,Math,Grade 10,51,2022-11-12
798,Arabic,Grade 9,42,2022-12-31
799,Chemistry,Grade 9,13,2023-02-13
800,Arabic,Grade 12,8,2022-12-24
801,Biology,Grade 12,49,2022-01-21
802,Chemistry,Grade 7,44,2023-08-21
803,Physics,Grade 10,39,2022-07-14
804,Arabic,Grade 12,27,2022-02-22
805,Physics,Grade 11,28,2023-11-30
806,English,Grade 10,58,2022-07-26
807,Arabic,Grade 7,8,2023-09-14
808,English,Grade 8,34,2023-06-07
809,Biology,Grade 12,44,2022-06-21
810,Arabic,Grade 9,36,2022-02-06
811,Math,Grade 8,56,2023-06-03
812,English,Grade 9,42,2023-03-02
813,Math,Grade 9,38,2023-03-11
814,Arabic,Grade 11,38,2022-11-29
815,Arabic,Grade 11,35,2023-10-03
816,Biology,Grade 9,35,2023-07-11
817,Math,Grade 10,36,2022-12-27
818,Physics,Grade 7,40,2023-06-03
819,Chemistry,Grade 7,26,2022-12-05
820,Physics,Grade 9,23,2022-09-02
821,Chemistry,Grade 7,49,2023-11-16
822,Chemistry,Grade 7,39,2023-03-20
823,Chemistry,Grade 10,42,2022-09-18
824,Arabic,Grade 12,46,2022-03-17
825,Math,Grade 10,19,2022-12-29
826,Biology,Grade 9,42,2023-12-17
827,Biology,Grade 12,12,2023-06-16
828,Biology,Grade 7,36,2022-04-16
829,Math,Grade 9,40,2023-06-29
830,Arabic,Grade 10,41,2023-06-14
831,English,Grade 7,34,2023-08-22
832,English,Grade 10,55,2023-02-26
833,Biology,Grade 8,52,2022-09-25
834,Arabic,Grade 12,27,2023-09-20
835,Physics,Grade 7,47,2023-10-14
836,Math,Grade 8,11,2022-01-03
837,Physics,Grade 8,26,2023-05-31
838,Math,Grade 10,40,2022-05-10
839,Arabic,Grade 10,43,2022-02-04
840,English,Grade 11,32,2023-08-17
841,Arabic,Grade 12,16,2022-09-10
842,Physics,Grade 7,7,2022-03-29
843,English,Grade 12,49,2023-08-23
844,Math,Grade 11,42,2022-02-08
845,English,Grade 12,48,2024-02-07
846,English,Grade 9,40,2024-02-05
847,Biology,Grade 9,25,2024-02-12
848,Biology,Grade 12,26,2023-09-09
849,Chemistry,Grade 10,27,2023-02-11
850,English,Grade 9,11,2022-06-10
851,Physics,Grade 8,11,2023-09-22
852,Arabic,Grade 12,25,2022-09-16
853,English,Grade 9,48,2023-12-26
854,Physics,Grade 11,18,2023-11-12
855,Biology,Grade 7,46,2023-05-18
856,English,Grade 10,11,2022-05-02
857,Chemistry,Grade 7,9,2023-11-07
858,Math,Grade 10,41,2023-04-25
859,Biology,Grade 12,23,2023-02-17
860,Biology,Grade 9,29,2023-01-02
861,Physics,Grade 9,16,2022-04-11
862,Math,Grade 10,13,2023-06-30
863,Biology,Grade 7,5,2022-01-03
864,Chemistry,Grade 8,56,2023-01-04
865,Arabic,Grade 10,47,2023-09-27
866,Biology,Grade 12,33,2023-11-04
867,English,Grade 8,47,2022-02-11
868,Physics,Grade 11,23,2023-10-08
869,Biology,Grade 10,19,2022-09-18
870,Physics,Grade 10,40,2023-08-05
871,Math,Grade 8,22,2024-02-21
872,Biology,Grade 12,26,2022-11-20
873,Chemistry,Grade 8,26,2022-05-29
874,Biology,Grade 12,34,2022-11-02
875,Arabic,Grade 9,11,2024-02-10
876,Chemistry,Grade 7,52,2022-08-28
877,Arabic,Grade 12,10,2022-10-17
878,Biology,Grade 9,17,2023-05-14
879,Chemistry,Grade 9,56,2023-01-03
880,Chemistry,Grade 8,18,2022-07-13
881,Arabic,Grade 12,6,2023-09-17
882,Math,Grade 10,46,2023-04-02
883,Arabic,Grade 10,20,2023-09-28
884,Chemistry,Grade 8,43,2022-05-19
885,Biology,Grade 10,50,2022-05-01
886,Biology,Grade 12,37,2022-08-31
887,Math,Grade 7,5,2024-01-02
888,Biology,Grade 11,34,2023-09-19
889,Chemistry,Grade 12,15,2022-10-14
890,Biology,Grade 10,18,2023-01-03
891,Chemistry,Grade 10,41,2023-05-16
892,Biology,Grade 9,41,2022-05-03
893,Math,Grade 12,57,2022-01-07
894,Biology,Grade 8,39,2022-02-17
895,Physics,Grade 12,18,2024-03-05
896,Physics,Grade 10,52,2022-10-22
897,Chemistry,Grade 12,26,2023-03-19
898,English,Grade 8,35,2023-06-24
899,Chemistry,Grade 9,22,2022-03-22
900,Biology,Grade 7,14,2022-02-16
901,Physics,Grade 11,28,2022-11-03
902,Biology,Grade 12,28,2022-10-09
903,Chemistry,Grade 7,36,2022-07-28
904,Arabic,Grade 11,41,2023-12-24
905,Physics,Grade 7,58,2023-07-09
906,Physics,Grade 12,38,2023-11-20
907,Arabic,Grade 11,57,2023-08-09
908,English,Grade 7,14,2023-05-14
909,English,Grade 8,50,2022-11-18
910,Arabic,Grade 11,18,2022-06-12
911,Physics,Grade 8,27,2023-05-09
912,English,Grade 9,36,2023-08-25
913,Physics,Grade 12,51,2022-07-22
914,Physics,Grade 10,16,2023-07-23
915,Chemistry,Grade 9,45,2023-09-18
916,Physics,Grade 9,28,2024-02-02
917,Math,Grade 11,38,2022-11-28
918,Physics,Grade 11,51,2022-01-28
919,Arabic,Grade 9,24,2022-11-12
920,Math,Grade 7,33,2023-08-25
921,Arabic,Grade 10,20,2023-11-24
922,Arabic,Grade 12,56,2022-10-20
923,Biology,Grade 8,44,2022-11-15
924,Physics,Grade 8,54,2023-04-27
925,Physics,Grade 7,46,2024-03-05
926,Physics,Grade 10,13,2022-01-21
927,Arabic,Grade 7,48,2023-07-27
928,English,Grade 8,54,2022-08-02
929,Math,Grade 7,56,2022-12-13
930,Physics,Grade 11,7,2022-08-30
931,Physics,Grade 8,14,2023-12-15
932,English,Grade 11,44,2023-01-16
933,Math,Grade 12,5,2023-10-20
934,Math,Grade 12,59,2022-06-26
935,Physics,Grade 12,11,2024-01-19
936,Biology,Grade 10,35,2023-03-09
937,Physics,Grade 11,45,2022-03-16
938,Physics,Grade 7,17,2023-02-01
939,English,Grade 12,26,2023-07-26
940,Arabic,Grade 10,20,2023-02-10
941,Chemistry,Grade 9,26,2022-01-19
942,Physics,Grade 12,10,2022-05-08
943,Arabic,Grade 10,57,2023-11-23
944,English,Grade 12,50,2023-11-05
945,Chemistry,Grade 9,5,2022-02-23
946,Arabic,Grade 9,6,2022-10-18
947,Arabic,Grade 12,31,2022-01-26
948,Biology,Grade 10,16,2024-01-10
949,English,Grade 9,10,2023-06-07
950,Math,Grade 11,6,2023-05-22
951,Math,Grade 12,41,2022-04-08
952,Arabic,Grade 11,14,2022-09-23
953,English,Grade 10,21,2023-04-02
954,English,Grade 9,21,2022-04-03
955,Math,Grade 7,10,2022-10-26
956,Physics,Grade 10,5,2023-07-08
957,Biology,Grade 9,24,2023-12-15
958,Biology,Grade 12,22,2023-02-15
959,Math,Grade 9,13,2023-02-11
960,Math,Grade 12,36,2022-09-05
961,Biology,Grade 9,21,2023-11-21
962,Arabic,Grade 7,23,2023-10-19
963,English,Grade 11,59,2023-03-23
964,Arabic,Grade 8,53,2023-01-29
965,Arabic,Grade 12,17,2022-09-11
966,Physics,Grade 7,5,2022-11-06
967,Arabic,Grade 8,49,2024-03-11
968,Arabic,Grade 12,42,2024-02-24
969,Math,Grade 11,48,2022-08-03
970,Chemistry,Grade 9,42,2024-02-05
971,Arabic,Grade 8,40,2023-04-10
972,Arabic,Grade 8,14,2022-12-04
973,English,Grade 12,39,2023-03-22
974,Chemistry,Grade 7,30,2022-06-29
975,Arabic,Grade 11,52,2023-12-30
976,Chemistry,Grade 10,37,2023-07-24
977,English,Grade 12,44,2022-10-12
978,English,Grade 8,12,2023-02-18
979,Chemistry,Grade 7,59,2022-12-08
980,English,Grade 9,24,2022-04-12
981,Arabic,Grade 11,6,2022-02-22
982,Physics,Grade 9,43,2024-02-27
983,Arabic,Grade 9,44,2023-07-27
984,Physics,Grade 10,32,2023-08-05
985,Arabic,Grade 8,33,2022-08-23
986,English,Grade 10,57,2023-11-05
987,Physics,Grade 7,29,2023-12-28
988,Arabic,Grade 10,30,2022-06-24
989,English,Grade 7,12,2023-05-21
990,Biology,Grade 8,34,2023-11-10
991,Biology,Grade 8,56,2023-12-13
992,Chemistry,Grade 10,5,2023-08-08
993,Math,Grade 9,32,2023-04-10
994,Biology,Grade 10,34,2023-10-29
995,Biology,Grade 11,17,2022-02-21
996,Arabic,Grade 8,45,2022-11-04
997,Math,Grade 11,53,2023-04-18
998,Arabic,Grade 11,25,2023-05-05
999,Arabic,Grade 11,25,2023-01-23
1000,Chemistry,Grade 9,44,2022-08-24
1001,Arabic,Grade 12,15,2022-12-04
1002,Arabic,Grade 8,31,2022-01-25
1003,Chemistry,Grade 8,9,2022-06-17
1004,Arabic,Grade 12,17,2023-08-17
1005,Math,Grade 8,16,2023-12-23
1006,Chemistry,Grade 12,44,2022-03-16
1007,English,Grade 12,37,2022-05-09
1008,Biology,Grade 10,34,2022-01-28
1009,Arabic,Grade 7,7,2023-01-05
1010,Math,Grade 8,52,2022-06-10
1011,Physics,Grade 9,27,2023-03-25
1012,Chemistry,Grade 9,35,2022-06-16
1013,Chemistry,Grade 7,10,2022-05-22
1014,Arabic,Grade 10,15,2023-08-26
1015,Arabic,Grade 9,41,2022-03-03
1016,Chemistry,Grade 7,43,2024-01-02
1017,Arabic,Grade 9,51,2022-09-08
1018,Arabic,Grade 7,49,2022-05-14
1019,English,Grade 9,41,2023-02-26
1020,Math,Grade 10,43,2023-04-04
1021,Math,Grade 10,55,2022-09-12
1022,Math,Grade 12,10,2024-02-05
1023,Biology,Grade 9,22,2023-03-15
1024,Chemistry,Grade 12,5,2023-02-28
1025,Chemistry,Grade 12,22,2023-02-10
1026,Arabic,Grade 9,56,2022-10-20
1027,Arabic,Grade 11,15,2023-12-08
1028,English,Grade 8,46,2023-11-23
1029,Chemistry,Grade 10,10,2023-07-02
1030,Arabic,Grade 9,9,2022-03-14
1031,Math,Grade 12,28,2022-04-03
1032,Physics,Grade 8,6,2023-06-30
1033,Biology,Grade 9,52,2022-07-11
1034,Math,Grade 8,39,2023-02-01
1035,Math,Grade 8,38,2022-08-28
1036,Arabic,Grade 10,46,2022-02-20
1037,English,Grade 11,6,2023-06-08
1038,Biology,Grade 7,56,2022-12-20
1039,English,Grade 9,16,2023-08-25
1040,Physics,Grade 8,6,2024-01-20
1041,Physics,Grade 11,51,2022-07-25
1042,English,Grade 8,54,2023-12-01
1043,Arabic,Grade 9,39,2022-09-26
1044,English,Grade 7,33,2022-09-18
1045,English,Grade 10,37,2023-02-27
1046,English,Grade 7,9,2022-05-28
1047,Biology,Grade 10,47,2023-01-15
1048,English,Grade 8,56,2022-12-19
1049,Math,Grade 11,47,2022-12-23
1050,Math,Grade 10,37,2022-04-19
1051,Chemistry,Grade 8,58,2023-04-04
1052,Math,Grade 12,43,2022-02-14
1053,Physics,Grade 9,17,2022-10-14
1054,Physics,Grade 9,35,2023-05-05
1055,English,Grade 11,40,2023-11-02
1056,Biology,Grade 11,23,2023-09-08
1057,English,Grade 9,29,2022-07-11
1058,Math,Grade 9,47,2022-03-10
1059,Math,Grade 10,39,2023-07-20
1060,Math,Grade 11,57,2023-07-07
1061,Physics,Grade 9,41,2022-04-13
1062,Physics,Grade 12,43,2023-11-03
1063,Arabic,Grade 10,37,2023-11-01
1064,Chemistry,Grade 8,47,2023-09-21
1065,Math,Grade 11,7,2022-04-25
1066,Arabic,Grade 11,55,2023-05-18
1067,Biology,Grade 9,51,2022-09-08
1068,Math,Grade 9,46,2022-09-24
1069,English,Grade 9,28,2022-02-01
1070,Math,Grade 12,7,2023-08-24
1071,Arabic,Grade 9,11,2022-08-01
1072,Chemistry,Grade 7,17,2023-10-31
1073,Biology,Grade 9,28,2023-11-09
1074,Biology,Grade 8,42,2022-04-16
1075,Biology,Grade 9,34,2023-09-24
1076,Physics,Grade 9,9,2022-06-26
1077,Chemistry,Grade 8,27,2024-03-05
1078,Math,Grade 12,45,2022-03-10
1079,Chemistry,Grade 10,48,2022-02-10
1080,Chemistry,Grade 8,58,2024-01-19
1081,Chemistry,Grade 11,31,2022-11-23
1082,Chemistry,Grade 8,22,2023-12-25
1083,Chemistry,Grade 11,44,2023-09-16
1084,Physics,Grade 7,24,2023-02-06
1085,Arabic,Grade 8,10,2024-01-01
1086,Chemistry,Grade 10,34,2024-01-30
1087,Math,Grade 7,54,2022-06-22
1088,Chemistry,Grade 9,10,2023-08-05
1089,Biology,Grade 10,54,2023-07-16
1090,English,Grade 8,21,2022-05-24
1091,Biology,Grade 8,47,2024-01-25
1092,Biology,Grade 10,57,2022-10-08
1093,Biology,Grade 9,40,2023-11-27
1094,Chemistry,Grade 9,19,2023-08-06
1095,Biology,Grade 7,56,2024-01-19
1096,Physics,Grade 10,21,2023-03-26
1097,Chemistry,Grade 11,29,2022-02-19
1098,Arabic,Grade 10,48,2022-07-07
1099,Biology,Grade 9,34,2022-11-21
1100,Chemistry,Grade 12,47,2022-12-31
1101,Physics,Grade 9,44,2022-12-06
1102,Math,Grade 7,21,2023-03-17
1103,Chemistry,Grade 10,9,2024-01-06
1104,Arabic,Grade 8,48,2023-12-28
1105,Math,Grade 11,52,2023-05-14
1106,Biology,Grade 10,52,2023-09-27
1107,Chemistry,Grade 12,53,2022-01-17
1108,Biology,Grade 11,46,2022-06-18
1109,Math,Grade 10,46,2024-03-06
1110,Physics,Grade 9,39,2022-09-02
1111,Arabic,Grade 12,15,2023-10-07
1112,Chemistry,Grade 11,32,2023-03-17
1113,Math,Grade 10,48,2023-07-09
1114,English,Grade 8,24,2023-08-24
1115,Math,Grade 12,6,2022-10-05
1116,Chemistry,Grade 9,45,2023-03-17
1117,Chemistry,Grade 8,37,2022-12-03
1118,English,Grade 7,40,2022-05-17
1119,Biology,Grade 7,14,2024-02-12
1120,Chemistry,Grade 7,49,2024-01-24
1121,Chemistry,Grade 9,23,2022-09-11
1122,Math,Grade 8,29,2022-11-06
1123,Biology,Grade 10,31,2022-12-31
1124,Biology,Grade 9,39,2023-05-31
1125,Arabic,Grade 10,27,2022-08-04
1126,English,Grade 9,47,2022-09-24
1127,Arabic,Grade 11,38,2022-06-22
1128,Arabic,Grade 12,12,2023-07-16
1129,Arabic,Grade 12,6,2023-08-25
1130,Biology,Grade 7,29,2023-07-05
1131,Math,Grade 7,13,2022-09-06
1132,Arabic,Grade 11,29,2023-08-10
1133,Arabic,Grade 8,49,2024-01-12
1134,English,Grade 7,33,2023-08-03
1135,Biology,Grade 7,26,2023-01-28
1136,Physics,Grade 8,59,2022-11-22
1137,Math,Grade 8,18,2022-06-07
1138,Math,Grade 11,56,2022-01-10
1139,Math,Grade 7,52,2023-10-29
1140,Physics,Grade 11,47,2023-05-27
1141,Arabic,Grade 9,52,2023-05-05
1142,English,Grade 8,15,2024-01-17
1143,Arabic,Grade 12,54,2022-04-29
1144,Math,Grade 8,55,2022-04-04
1145,English,Grade 7,55,2023-04-08
1146,English,Grade 12,17,2023-01-14
1147,Physics,Grade 10,37,2024-02-29
1148,Physics,Grade 11,7,2024-03-10
1149,Biology,Grade 8,51,2022-09-08
1150,Biology,Grade 8,56,2022-02-04
1151,Arabic,Grade 7,40,2024-01-16
1152,Arabic,Grade 7,55,2023-06-28
1153,Arabic,Grade 10,52,2024-02-19
1154,Math,Grade 9,46,2023-12-06
1155,Math,Grade 9,36,2022-06-02
1156,Biology,Grade 7,40,2023-11-27
1157,Arabic,Grade 10,47,2022-09-10
1158,Arabic,Grade 7,40,2022-10-29
1159,Biology,Grade 9,39,2023-10-25
1160,English,Grade 11,9,2022-03-18
1161,Math,Grade 8,16,2022-04-14
1162,Math,Grade 8,23,2023-07-22
1163,Biology,Grade 10,44,2022-05-16
1164,English,Grade 9,31,2022-07-14
1165,Physics,Grade 12,39,2023-09-15
1166,Chemistry,Grade 10,14,2023-09-10
1167,Chemistry,Grade 10,55,2022-10-19
1168,Biology,Grade 10,32,2022-12-30
1169,Physics,Grade 8,37,2023-11-22
1170,Biology,Grade 10,51,2023-02-25
1171,Arabic,Grade 9,51,2022-06-14
1172,Physics,Grade 12,47,2023-01-07
1173,Arabic,Grade 9,40,2023-11-28
1174,Biology,Grade 12,39,2022-10-15
1175,English,Grade 11,53,2023-01-24
1176,English,Grade 12,21,2024-01-22
1177,English,Grade 9,59,2023-06-16
1178,English,Grade 8,15,2022-05-24
1179,Math,Grade 9,40,2023-11-20
1180,Arabic,Grade 12,41,2023-07-21
1181,Math,Grade 7,22,2022-08-02
1182,Math,Grade 10,35,2023-05-08
1183,Biology,Grade 12,39,2023-09-16
1184,Biology,Grade 11,32,2023-10-01
1185,Chemistry,Grade 7,5,2023-10-14
1186,English,Grade 9,35,2023-08-30
1187,Arabic,Grade 9,56,2023-11-30
1188,Math,Grade 12,31,2023-08-02
1189,English,Grade 10,44,2022-10-16
1190,English,Grade 10,16,2023-07-05
1191,English,Grade 8,16,2023-02-08
1192,Arabic,Grade 12,31,2023-09-16
1193,Arabic,Grade 11,31,2023-11-25
1194,Biology,Grade 8,55,2023-03-31
1195,Arabic,Grade 9,50,2023-03-21
1196,Chemistry,Grade 12,21,2022-09-28
1197,Physics,Grade 11,56,2023-09-14
1198,Math,Grade 11,29,2022-05-27
1199,Physics,Grade 12,34,2022-05-02
1200,Physics,Grade 8,14,2024-02-23
1201,Math,Grade 9,44,2022-04-17
1202,Physics,Grade 9,19,2023-08-21
1203,Arabic,Grade 8,23,2022-04-13
1204,Biology,Grade 11,8,2022-05-18
1205,Chemistry,Grade 11,19,2023-08-04
1206,Chemistry,Grade 7,41,2023-07-16
1207,Arabic,Grade 12,19,2023-05-13
1208,Biology,Grade 8,59,2023-01-12
1209,Biology,Grade 9,37,2022-01-26
1210,Physics,Grade 7,55,2023-03-14
1211,Chemistry,Grade 8,17,2023-08-01
1212,Chemistry,Grade 12,21,2024-03-09
1213,Chemistry,Grade 11,23,2023-02-24
1214,Math,Grade 10,17,2023-07-17
1215,Chemistry,Grade 8,10,2022-10-09
1216,Math,Grade 11,58,2024-02-12
1217,Arabic,Grade 12,44,2023-06-19
1218,Math,Grade 10,34,2023-05-28
1219,English,Grade 9,40,2022-12-14
1220,English,Grade 10,35,2023-02-01
1221,Math,Grade 9,57,2022-06-06
1222,Biology,Grade 10,17,2022-10-27
1223,Physics,Grade 11,28,2022-12-23
1224,Biology,Grade 7,33,2022-04-12
1225,English,Grade 9,53,2023-07-04
1226,Chemistry,Grade 12,50,2023-01-20
1227,Biology,Grade 8,6,2023-06-09
1228,Physics,Grade 10,58,2023-03-24
1229,Math,Grade 8,20,2024-01-25
1230,Math,Grade 9,56,2024-03-01
1231,English,Grade 9,16,2023-07-17
1232,Arabic,Grade 10,32,2022-06-29
1233,Arabic,Grade 8,30,2023-04-16
1234,Physics,Grade 7,36,2022-07-08
1235,Physics,Grade 7,46,2023-04-19
1236,Biology,Grade 7,8,2023-09-19
1237,Physics,Grade 12,9,2022-09-12
1238,Biology,Grade 12,21,2022-06-19
1239,Arabic,Grade 7,24,2024-02-23
1240,Biology,Grade 7,44,2023-05-25
1241,English,Grade 10,33,2023-05-11
1242,Biology,Grade 7,29,2023-04-23
1243,Arabic,Grade 9,22,2023-07-02
1244,Chemistry,Grade 12,26,2023-12-23
1245,Physics,Grade 9,57,2023-09-22
1246,Math,Grade 10,12,2023-05-15
1247,Arabic,Grade 7,44,2022-05-27
1248,Biology,Grade 12,51,2023-08-08
1249,Math,Grade 10,44,2023-07-15
1250,Physics,Grade 10,14,2023-04-17
1251,Math,Grade 11,21,2023-10-19
1252,Math,Grade 9,50,2022-07-12
1253,English,Grade 8,52,2024-02-28
1254,Physics,Grade 10,24,2022-10-22
1255,Biology,Grade 10,31,2023-09-22
1256,Biology,Grade 10,6,2022-03-09
1257,Chemistry,Grade 12,56,2023-09-20
1258,Biology,Grade 12,33,2022-11-13
1259,Chemistry,Grade 7,10,2023-02-14
1260,Arabic,Grade 8,24,2023-07-01
1261,Physics,Grade 7,41,2023-02-10
1262,Chemistry,Grade 7,23,2022-01-18
1263,Physics,Grade 8,15,2022-08-16
1264,Math,Grade 11,52,2022-07-20
1265,Physics,Grade 9,22,2024-02-20
1266,Physics,Grade 12,43,2022-10-04
1267,Physics,Grade 9,26,2023-09-30
1268,Math,Grade 9,55,2023-03-04
1269,Biology,Grade 7,18,2023-08-30
1270,Chemistry,Grade 7,46,2022-08-20
1271,Arabic,Grade 7,10,2023-12-10
1272,Physics,Grade 11,25,2022-04-10
1273,Physics,Grade 7,12,2024-02-12
1274,Chemistry,Grade 8,22,2022-05-05
1275,Chemistry,Grade 7,26,2023-05-13
1276,English,Grade 7,10,2022-04-01
1277,Math,Grade 10,59,2023-08-30
1278,Chemistry,Grade 12,39,2023-08-24
1279,Math,Grade 8,58,2023-06-15
1280,Biology,Grade 10,39,2023-03-08
1281,Math,Grade 10,50,2022-09-19
1282,Physics,Grade 7,49,2022-02-05
1283,Arabic,Grade 11,57,2022-08-20
1284,Physics,Grade 8,58,2022-02-10
1285,Math,Grade 7,13,2023-10-05
1286,English,Grade 9,20,2023-06-01
1287,Physics,Grade 9,15,2023-12-16
1288,English,Grade 11,52,2023-07-22
1289,Biology,Grade 8,25,2023-07-19
1290,English,Grade 8,46,2022-09-28
1291,English,Grade 10,27,2022-05-09
1292,Biology,Grade 9,58,2022-06-07
1293,English,Grade 12,49,2023-12-27
1294,Arabic,Grade 9,24,2022-12-20
1295,Arabic,Grade 9,21,2022-09-15
1296,Biology,Grade 8,35,2023-01-27
1297,Biology,Grade 7,56,2023-07-31
1298,English,Grade 9,22,2022-12-04
1299,Physics,Grade 9,33,2022-02-20
1300,Biology,Grade 11,52,2023-03-06
1301,Math,Grade 10,36,2023-12-01
1302,Physics,Grade 11,12,2022-12-03
1303,Chemistry,Grade 7,54,2024-01-16
1304,Arabic,Grade 11,13,2024-03-02
1305,Arabic,Grade 12,50,2023-09-13
1306,Arabic,Grade 11,10,2023-08-18
1307,Physics,Grade 12,9,2023-02-27
1308,Biology,Grade 9,49,2022-02-22
1309,Math,Grade 9,17,2022-06-15
1310,Chemistry,Grade 10,29,2022-11-28
1311,Arabic,Grade 12,35,2023-02-17
1312,Physics,Grade 10,38,2024-02-10
1313,Math,Grade 11,21,2023-12-31
1314,Biology,Grade 8,30,2022-01-04
1315,Chemistry,Grade 8,24,2022-03-20
1316,Arabic,Grade 10,54,2023-12-17
1317,Biology,Grade 7,10,2023-11-26
1318,Physics,Grade 10,36,2023-10-30
1319,Arabic,Grade 12,37,2022-06-08
1320,Physics,Grade 11,24,2022-12-23
1321,Biology,Grade 12,51,2024-02-04
1322,Chemistry,Grade 8,15,2022-10-03
1323,Arabic,Grade 12,51,2023-10-17
1324,Arabic,Grade 11,56,2023-05-29
1325,English,Grade 7,14,2023-02-11
1326,Math,Grade 9,47,2023-11-24
1327,Arabic,Grade 12,43,2023-05-11
1328,Math,Grade 10,23,2022-10-23
1329,Biology,Grade 9,31,2023-02-04
1330,English,Grade 8,44,2023-10-12
1331,Biology,Grade 12,38,2022-05-16
1332,Chemistry,Grade 7,40,2023-03-04
1333,Biology,Grade 12,24,2022-05-02
1334,Chemistry,Grade 11,50,2022-08-16
1335,Physics,Grade 10,9,2022-07-10
1336,English,Grade 8,14,2023-10-19
1337,Math,Grade 7,36,2023-12-26
1338,Physics,Grade 11,44,2022-12-04
1339,Chemistry,Grade 11,44,2023-02-14
1340,Arabic,Grade 12,32,2023-06-02
1341,Math,Grade 8,57,2023-11-04
1342,Physics,Grade 11,33,2022-12-30
1343,Physics,Grade 9,52,2022-03-17
1344,Physics,Grade 9,26,2023-01-13
1345,Biology,Grade 7,13,2024-01-23
1346,Arabic,Grade 9,6,2022-05-02
1347,Physics,Grade 8,17,2022-11-14
1348,Physics,Grade 7,39,2023-03-05
1349,Physics,Grade 10,31,2023-04-05
1350,English,Grade 11,34,2024-01-19
1351,Arabic,Grade 9,33,2023-06-14
1352,Physics,Grade 10,39,2022-11-08
1353,Math,Grade 11,41,2022-03-22
1354,English,Grade 8,55,2023-08-31
1355,Biology,Grade 10,30,2023-11-10
1356,Biology,Grade 7,8,2023-01-23
1357,Physics,Grade 8,39,2023-08-20
1358,Arabic,Grade 9,14,2022-05-09
1359,Arabic,Grade 10,24,2022-07-11
1360,Chemistry,Grade 12,53,2022-10-18
1361,Chemistry,Grade 8,14,2022-03-24
1362,Math,Grade 8,34,2023-11-16
1363,Math,Grade 10,15,2023-12-07
1364,English,Grade 9,20,2023-04-07
1365,Arabic,Grade 8,11,2023-06-07
1366,Math,Grade 12,58,2023-08-18
1367,Chemistry,Grade 10,27,2023-01-25
1368,Arabic,Grade 8,44,2023-03-21
1369,Chemistry,Grade 7,5,2022-04-23
1370,Physics,Grade 10,49,2023-12-28
1371,English,Grade 10,11,2022-08-14
1372,Physics,Grade 12,45,2022-08-13
1373,Math,Grade 8,8,2023-05-22
1374,Chemistry,Grade 10,6,2022-05-15
1375,Arabic,Grade 7,21,2023-06-09
1376,Arabic,Grade 12,44,2022-10-06
1377,Math,Grade 9,13,2022-05-26
1378,English,Grade 7,15,2023-06-06
1379,Chemistry,Grade 12,48,2023-05-15
1380,Math,Grade 12,23,2022-08-07
1381,Arabic,Grade 10,18,2022-09-29
1382,Physics,Grade 10,19,2023-03-30
1383,English,Grade 8,51,2024-02-27
1384,Chemistry,Grade 11,12,2023-04-05
1385,Math,Grade 11,37,2023-08-28
1386,Physics,Grade 9,6,2022-06-17
1387,Biology,Grade 8,6,2023-10-12
1388,Chemistry,Grade 12,24,2023-02-13
1389,Arabic,Grade 7,27,2023-12-15
1390,Arabic,Grade 8,22,2022-02-09
1391,Biology,Grade 8,34,2023-07-27
1392,Chemistry,Grade 7,25,2022-06-29
1393,Math,Grade 8,40,2024-02-05
1394,Chemistry,Grade 10,58,2022-08-11
1395,Chemistry,Grade 9,7,2022-01-11
1396,English,Grade 11,21,2022-11-10
1397,English,Grade 7,28,2022-08-08
1398,Biology,Grade 11,42,2022-09-09
1399,Arabic,Grade 10,8,2022-01-05
1400,Physics,Grade 11,13,2023-03-14
1401,Arabic,Grade 10,37,2022-01-20
1402,Chemistry,Grade 11,38,2022-02-04
1403,Arabic,Grade 9,49,2023-08-22
1404,Biology,Grade 10,58,2022-05-26
1405,English,Grade 7,36,2023-09-23
1406,English,Grade 7,12,2022-07-20
1407,Physics,Grade 8,52,2024-01-27
1408,Physics,Grade 8,54,2022-11-10
1409,Math,Grade 9,19,2023-08-09
1410,English,Grade 11,35,2022-08-03
1411,Arabic,Grade 12,9,2023-08-18
1412,English,Grade 11,46,2022-11-18
1413,English,Grade 12,46,2023-09-28
1414,Arabic,Grade 12,33,2022-01-12
1415,Biology,Grade 10,18,2023-08-14
1416,Arabic,Grade 12,56,2023-10-04
1417,Biology,Grade 9,57,2022-01-28
1418,Math,Grade 12,17,2023-11-08
1419,Chemistry,Grade 10,52,2023-10-10
1420,Arabic,Grade 7,30,2022-09-11
1421,Chemistry,Grade 7,24,2024-01-08
1422,Math,Grade 11,35,2023-01-26
1423,Arabic,Grade 8,55,2022-09-06
1424,Arabic,Grade 8,40,2023-03-20
1425,Chemistry,Grade 7,31,2022-08-06
1426,Math,Grade 10,41,2022-03-18
1427,Math,Grade 11,37,2022-10-18
1428,Chemistry,Grade 10,33,2023-01-18
1429,Chemistry,Grade 8,31,2023-07-07
1430,Arabic,Grade 9,8,2023-11-27
1431,English,Grade 8,15,2022-09-02
1432,Math,Grade 10,29,2022-11-10
1433,English,Grade 8,9,2022-03-25
1434,Physics,Grade 8,55,2023-11-17
1435,Math,Grade 8,6,2023-07-31
1436,Arabic,Grade 8,44,2024-02-21
1437,Chemistry,Grade 11,17,2023-08-30
1438,Arabic,Grade 7,57,2023-04-13
1439,Physics,Grade 8,31,2023-03-12
1440,Math,Grade 12,43,2023-12-15
1441,English,Grade 8,21,2023-06-08
1442,Physics,Grade 11,35,2023-02-28
1443,English,Grade 11,58,2022-06-27
1444,English,Grade 9,15,2023-12-31
1445,English,Grade 11,13,2023-12-30
1446,Math,Grade 9,15,2023-02-15
1447,Arabic,Grade 9,11,2022-11-22
1448,Physics,Grade 8,41,2022-02-18
1449,Arabic,Grade 12,10,2022-08-25
1450,Arabic,Grade 10,34,2023-12-02
1451,Arabic,Grade 12,33,2022-09-08
1452,English,Grade 8,35,2022-01-29
1453,Physics,Grade 7,27,2022-08-06
1454,Math,Grade 12,17,2023-09-11
1455,Arabic,Grade 9,58,2023-01-30
1456,Arabic,Grade 10,41,2023-07-19
1457,Chemistry,Grade 11,16,2022-02-22
1458,English,Grade 11,49,2024-02-08
1459,English,Grade 11,22,2023-06-18
1460,Chemistry,Grade 10,16,2023-03-05
1461,Physics,Grade 11,7,2024-01-12
1462,English,Grade 11,52,2023-04-06
1463,English,Grade 9,40,2023-10-11
1464,Biology,Grade 11,57,2022-03-12
1465,Arabic,Grade 10,21,2022-06-21
1466,Physics,Grade 11,14,2023-07-14
1467,Math,Grade 8,17,2024-01-07
1468,English,Grade 9,27,2023-03-25
1469,English,Grade 7,34,2023-09-20
1470,Physics,Grade 8,32,2023-06-13
1471,Arabic,Grade 7,27,2023-08-06
1472,Math,Grade 10,9,2022-05-05
1473,English,Grade 7,53,2022-09-22
1474,Chemistry,Grade 12,34,2022-03-16
1475,Arabic,Grade 12,13,2022-05-06
1476,Chemistry,Grade 7,38,2023-05-07
1477,Arabic,Grade 12,52,2023-01-09
1478,English,Grade 11,30,2022-10-12
1479,Math,Grade 9,21,2022-10-16
1480,Arabic,Grade 7,38,2023-02-04
1481,Arabic,Grade 12,8,2023-08-13
1482,Physics,Grade 10,18,2022-11-27
1483,Biology,Grade 10,6,2022-08-06
1484,Physics,Grade 10,52,2023-01-15
1485,Biology,Grade 12,10,2022-02-06
1486,Biology,Grade 11,13,2023-04-27
1487,English,Grade 8,28,2022-02-21
1488,Math,Grade 11,18,2023-07-05
1489,Arabic,Grade 11,17,2023-07-16
1490,Chemistry,Grade 7,15,2022-08-19
1491,Arabic,Grade 9,44,2023-10-21
1492,Biology,Grade 10,29,2023-12-07
1493,Biology,Grade 9,34,2024-01-07
1494,English,Grade 8,28,2023-08-06
1495,Math,Grade 9,38,2023-09-19
1496,Physics,Grade 9,27,2022-02-04
1497,Biology,Grade 8,23,2023-06-22
1498,Biology,Grade 8,5,2022-01-13
1499,Physics,Grade 10,19,2024-02-26
1500,Chemistry,Grade 10,45,2023-01-05
1501,Physics,Grade 8,50,2022-02-06
1502,Physics,Grade 8,58,2022-12-07
1503,Physics,Grade 12,20,2022-03-30
1504,Biology,Grade 11,38,2023-04-14
1505,Chemistry,Grade 10,47,2022-01-26
1506,Math,Grade 12,5,2023-02-13
1507,Math,Grade 12,26,2024-01-15
1508,Math,Grade 10,57,2023-06-13
1509,English,Grade 11,6,2022-10-26
1510,Arabic,Grade 11,53,2023-03-27
1511,Arabic,Grade 12,17,2022-08-27
1512,Math,Grade 10,39,2024-02-03
1513,Chemistry,Grade 11,25,2024-02-01
1514,Physics,Grade 10,45,2023-09-21
1515,Physics,Grade 12,12,2023-02-26
1516,Biology,Grade 7,33,2023-03-31
1517,Biology,Grade 12,50,2023-05-20
1518,Biology,Grade 12,13,2022-10-17
1519,Physics,Grade 10,57,2023-10-07
1520,English,Grade 12,8,2023-06-25
1521,Arabic,Grade 11,7,2023-08-08
1522,Arabic,Grade 8,55,2022-05-11
1523,English,Grade 9,47,2023-06-06
1524,Math,Grade 12,8,2023-12-04
1525,Biology,Grade 9,31,2022-05-06
1526,Arabic,Grade 9,41,2023-10-27
1527,Biology,Grade 9,50,2023-05-11
1528,Physics,Grade 8,34,2023-08-11
1529,Chemistry,Grade 12,19,2023-08-02
1530,Biology,Grade 9,20,2023-06-02
1531,Math,Grade 12,32,2022-09-04
1532,Chemistry,Grade 7,59,2022-05-25
1533,Chemistry,Grade 11,16,2023-05-06
1534,Arabic,Grade 10,29,2022-08-13
1535,Chemistry,Grade 8,32,2023-02-06
1536,Math,Grade 9,56,2023-06-02
1537,Arabic,Grade 9,57,2023-05-17
1538,English,Grade 9,57,2024-02-17
1539,Chemistry,Grade 12,50,2022-06-29
1540,Chemistry,Grade 11,8,2022-07-29
1541,English,Grade 8,39,2022-03-09
1542,Math,Grade 7,43,2024-03-08
1543,English,Grade 10,9,2023-01-26
1544,Arabic,Grade 7,54,2023-08-25
1545,Arabic,Grade 7,33,2023-06-13
1546,English,Grade 12,21,2023-07-01
1547,Chemistry,Grade 9,35,2023-05-29
1548,English,Grade 8,16,2022-05-12
1549,Math,Grade 9,40,2023-09-17
1550,English,Grade 10,35,2023-02-15
1551,Physics,Grade 12,15,2023-04-12
1552,Math,Grade 8,50,2022-01-11
1553,Chemistry,Grade 7,43,2022-07-27
1554,Chemistry,Grade 9,34,2024-02-17
1555,Physics,Grade 7,36,2023-06-09
1556,Physics,Grade 12,12,2022-10-28
1557,Arabic,Grade 10,14,2023-04-05
1558,English,Grade 12,15,2023-07-20
1559,Chemistry,Grade 11,31,2022-12-14
1560,Arabic,Grade 10,10,2024-01-23
1561,Chemistry,Grade 12,59,2022-03-06
1562,Math,Grade 8,45,2023-01-04
1563,Biology,Grade 11,10,2022-09-13
1564,Arabic,Grade 12,43,2022-10-30
1565,Arabic,Grade 7,34,2022-01-06
1566,Arabic,Grade 11,22,2023-02-15
1567,English,Grade 12,43,2022-12-11
1568,Biology,Grade 9,43,2022-07-14
1569,Biology,Grade 7,18,2024-01-28
1570,Physics,Grade 12,19,2022-05-12
1571,Chemistry,Grade 12,54,2023-10-14
1572,Math,Grade 11,57,2022-10-10
1573,Arabic,Grade 10,40,2022-06-16
1574,Physics,Grade 11,27,2024-02-26
1575,Arabic,Grade 8,40,2023-05-21
1576,Chemistry,Grade 7,29,2023-07-05
1577,Biology,Grade 11,13,2022-04-09
1578,English,Grade 7,41,2023-03-25
1579,Chemistry,Grade 10,28,2024-01-29
1580,Chemistry,Grade 8,23,2022-08-14
1581,Chemistry,Grade 7,40,2023-08-06
1582,Physics,Grade 8,38,2023-01-16
1583,Chemistry,Grade 10,15,2023-04-10
1584,Chemistry,Grade 7,52,2022-12-16
1585,Chemistry,Grade 10,39,2022-07-19
1586,Math,Grade 10,32,2022-02-11
1587,Physics,Grade 12,56,2022-04-04
1588,Physics,Grade 8,45,2023-10-10
1589,Math,Grade 10,35,2024-03-01
1590,Physics,Grade 10,40,2022-03-21
1591,Arabic,Grade 11,37,2022-04-11
1592,Physics,Grade 7,19,2022-11-18
1593,Physics,Grade 12,6,2022-08-17
1594,Chemistry,Grade 12,43,2023-03-08
1595,Math,Grade 10,54,2024-03-05
1596,Biology,Grade 9,31,2022-01-04
1597,English,Grade 9,51,2023-12-11
1598,Chemistry,Grade 11,20,2023-05-24
1599,Arabic,Grade 10,7,2022-09-11
1600,Physics,Grade 11,31,2023-05-14
1601,Chemistry,Grade 9,36,2022-08-04
1602,Biology,Grade 7,39,2022-01-19
1603,Arabic,Grade 10,28,2023-09-06
1604,Physics,Grade 11,11,2022-05-06
1605,Physics,Grade 7,53,2024-02-23
1606,Biology,Grade 11,44,2023-02-21
1607,English,Grade 7,23,2022-11-11
1608,Biology,Grade 7,9,2023-03-23
1609,Biology,Grade 11,43,2023-01-01
1610,Arabic,Grade 9,55,2023-02-05
1611,English,Grade 11,12,2023-01-09
1612,Arabic,Grade 12,29,2024-01-28
1613,Chemistry,Grade 12,26,2023-06-14
1614,Biology,Grade 8,6,2022-08-17
1615,Physics,Grade 10,44,2024-03-01
1616,Math,Grade 9,50,2022-03-06
1617,Physics,Grade 9,14,2022-02-13
1618,Biology,Grade 11,22,2022-02-20
1619,Physics,Grade 10,29,2022-03-07
1620,Chemistry,Grade 12,54,2023-09-23
1621,Biology,Grade 8,20,2023-07-03
1622,Arabic,Grade 11,19,2022-07-12
1623,Math,Grade 10,11,2023-04-14
1624,Biology,Grade 11,16,2023-03-18
1625,Physics,Grade 12,36,2022-01-15
1626,English,Grade 10,7,2024-02-23
1627,Physics,Grade 9,5,2023-08-10
1628,Biology,Grade 11,47,2024-01-30
1629,English,Grade 8,27,2024-02-23
1630,Arabic,Grade 10,39,2023-02-07
1631,Arabic,Grade 8,5,2022-03-13
1632,Biology,Grade 8,48,2022-02-27
1633,Physics,Grade 11,48,2022-05-01
1634,Physics,Grade 10,24,2022-09-18
1635,Arabic,Grade 12,20,2024-01-14
1636,English,Grade 7,41,2022-06-24
1637,Physics,Grade 8,49,2022-03-17
1638,Math,Grade 10,39,2022-11-23
1639,Math,Grade 9,41,2023-06-07
1640,Math,Grade 8,5,2022-09-28
1641,Math,Grade 8,51,2023-10-06
1642,Chemistry,Grade 8,59,2022-06-05
1643,Math,Grade 12,38,2023-01-17
1644,Chemistry,Grade 9,25,2022-06-22
1645,Physics,Grade 9,30,2022-11-01
1646,English,Grade 11,18,2022-05-04
1647,Arabic,Grade 7,22,2023-12-15
1648,English,Grade 11,28,2023-07-10
1649,Math,Grade 7,39,2023-07-29
1650,Math,Grade 8,5,2022-08-22
1651,Math,Grade 10,58,2023-06-14
1652,English,Grade 8,51,2022-06-14
1653,Chemistry,Grade 9,47,2023-11-30
1654,Math,Grade 7,20,2023-01-26
1655,Chemistry,Grade 8,50,2023-10-08
1656,Math,Grade 7,43,2022-12-31
1657,English,Grade 11,42,2023-12-19
1658,Arabic,Grade 9,25,2022-08-31
1659,Math,Grade 9,28,2023-06-03
1660,Chemistry,Grade 12,30,2023-10-10
1661,Arabic,Grade 12,51,2023-05-11
1662,Physics,Grade 12,50,2022-04-11
1663,Physics,Grade 10,56,2023-04-20
1664,Arabic,Grade 8,43,2022-08-15
1665,Physics,Grade 9,22,2022-07-15
1666,Arabic,Grade 12,45,2023-03-15
1667,Math,Grade 10,28,2023-07-26
1668,Physics,Grade 9,48,2023-01-22
1669,Biology,Grade 11,32,2023-11-03
1670,Biology,Grade 8,24,2022-09-15
1671,Arabic,Grade 8,43,2022-01-31
1672,Biology,Grade 12,21,2022-03-23
1673,Arabic,Grade 7,25,2022-12-31
1674,Physics,Grade 12,54,2022-10-15
1675,Arabic,Grade 10,22,2023-11-03
1676,English,Grade 11,54,2023-04-21
1677,Arabic,Grade 7,6,2022-09-12
1678,Math,Grade 11,41,2024-01-18
1679,English,Grade 7,40,2023-10-14
1680,Physics,Grade 7,21,2022-10-03
1681,Arabic,Grade 8,47,2024-02-15
1682,Physics,Grade 11,10,2022-07-21
1683,Biology,Grade 10,39,2022-09-26
1684,Arabic,Grade 10,44,2022-05-12
1685,Biology,Grade 7,38,2022-12-06
1686,Math,Grade 7,26,2022-03-30
1687,Math,Grade 11,41,2024-02-17
1688,Physics,Grade 8,36,2023-10-19
1689,Math,Grade 8,14,2023-11-03
1690,Arabic,Grade 11,10,2023-02-05
1691,Physics,Grade 11,17,2023-12-01
1692,Biology,Grade 8,10,2024-01-08
1693,Chemistry,Grade 7,40,2023-02-05
1694,Math,Grade 8,37,2023-05-29
1695,Arabic,Grade 9,6,2022-04-20
1696,Biology,Grade 9,20,2022-04-21
1697,Chemistry,Grade 11,44,2022-10-02
1698,Physics,Grade 9,29,2022-07-03
1699,Arabic,Grade 10,24,2023-12-11
1700,Chemistry,Grade 9,31,2023-06-04
1701,Arabic,Grade 12,50,2023-10-03
1702,Biology,Grade 8,19,2023-11-29
1703,Biology,Grade 9,44,2023-04-25
1704,Math,Grade 7,14,2023-10-20
1705,Biology,Grade 11,42,2023-05-19
1706,Physics,Grade 7,31,2022-04-28
1707,Physics,Grade 9,21,2023-02-17
1708,Arabic,Grade 7,26,2022-03-06
1709,Physics,Grade 10,43,2023-11-04
1710,Biology,Grade 7,18,2023-08-20
1711,Chemistry,Grade 10,53,2022-09-21
1712,Physics,Grade 8,47,2022-07-17
1713,Biology,Grade 12,32,2022-09-23
1714,English,Grade 7,58,2023-11-12
1715,Biology,Grade 9,12,2023-10-19
1716,Arabic,Grade 8,12,2023-02-27
1717,Arabic,Grade 11,33,2022-01-19
1718,Physics,Grade 11,45,2022-12-19
1719,Physics,Grade 9,5,2022-06-14
1720,Biology,Grade 12,49,2024-03-11
1721,Physics,Grade 10,58,2023-04-25
1722,English,Grade 7,13,2023-04-27
1723,Chemistry,Grade 11,12,2022-08-15
1724,English,Grade 7,8,2024-02-29
1725,Math,Grade 12,25,2022-08-16
1726,Math,Grade 12,9,2022-07-11
1727,Biology,Grade 8,45,2023-08-14
1728,English,Grade 7,53,2023-06-24
1729,Math,Grade 11,45,2022-01-09
1730,Biology,Grade 10,45,2023-04-01
1731,Biology,Grade 12,42,2022-07-29
1732,English,Grade 11,27,2022-01-20
1733,Chemistry,Grade 9,58,2022-08-18
1734,Arabic,Grade 11,56,2023-02-07
1735,Physics,Grade 7,27,2022-02-11
1736,Chemistry,Grade 7,6,2023-06-18
1737,Arabic,Grade 10,7,2023-05-26
1738,Biology,Grade 11,15,2022-01-12
1739,English,Grade 8,32,2022-02-22
1740,English,Grade 12,56,2022-05-30
1741,Chemistry,Grade 8,7,2023-04-15
1742,Biology,Grade 12,13,2023-01-07
1743,Math,Grade 12,36,2022-10-28
1744,English,Grade 8,49,2023-01-15
1745,Biology,Grade 9,56,2023-06-06
1746,Math,Grade 12,50,2022-10-05
1747,Biology,Grade 8,14,2023-06-25
1748,English,Grade 12,53,2023-07-02
1749,Biology,Grade 9,16,2023-09-08
1750,English,Grade 8,48,2023-08-25
1751,English,Grade 12,24,2022-01-04
1752,Arabic,Grade 10,45,2023-08-26
1753,Biology,Grade 11,16,2022-02-02
1754,Biology,Grade 9,13,2022-06-24
1755,Biology,Grade 7,29,2023-05-10
1756,Physics,Grade 9,15,2022-11-15
1757,Physics,Grade 11,13,2022-08-30
1758,Chemistry,Grade 9,49,2023-03-22
1759,Arabic,Grade 12,49,2023-11-18
1760,English,Grade 12,17,2024-02-12
1761,Physics,Grade 9,17,2023-07-27
1762,Chemistry,Grade 11,11,2022-06-08
1763,Chemistry,Grade 8,16,2022-09-19
1764,Chemistry,Grade 12,45,2023-10-15
1765,Arabic,Grade 12,27,2023-05-11
1766,English,Grade 11,31,2024-01-10
1767,Math,Grade 10,32,2022-06-08
1768,Arabic,Grade 8,35,2022-01-31
1769,Chemistry,Grade 12,38,2022-12-02
1770,English,Grade 9,16,2022-03-06
1771,Biology,Grade 12,8,2022-03-28
1772,English,Grade 12,24,2023-03-13
1773,English,Grade 12,40,2023-04-19
1774,Chemistry,Grade 11,7,2023-08-18
1775,Biology,Grade 10,33,2023-10-24
1776,Arabic,Grade 10,53,2023-02-13
1777,English,Grade 7,10,2024-02-15
1778,Math,Grade 10,9,2023-02-13
1779,Physics,Grade 7,47,2022-04-08
1780,English,Grade 10,39,2022-08-30
1781,Physics,Grade 11,16,2022-02-11
1782,Math,Grade 9,59,2022-01-24
1783,Biology,Grade 8,42,2024-02-08
1784,Biology,Grade 10,51,2023-06-10
1785,Math,Grade 10,24,2023-06-17
1786,Math,Grade 7,29,2023-02-21
1787,Chemistry,Grade 9,36,2024-03-03
1788,Arabic,Grade 11,56,2024-03-02
1789,Chemistry,Grade 11,7,2024-02-27
1790,Chemistry,Grade 9,50,2022-10-27
1791,Arabic,Grade 11,59,2022-03-17
1792,Physics,Grade 8,59,2023-03-21
1793,Arabic,Grade 12,5,2024-01-29
1794,Physics,Grade 11,5,2022-10-06
1795,Arabic,Grade 8,6,2023-05-25
1796,Physics,Grade 10,56,2024-02-05
1797,Biology,Grade 11,17,2023-12-15
1798,Biology,Grade 12,22,2023-03-24
1799,Arabic,Grade 11,46,2023-02-16
1800,Math,Grade 8,46,2023-02-16
1801,Biology,Grade 10,49,2022-02-19
1802,Arabic,Grade 12,25,2023-12-25
1803,English,Grade 10,6,2022-03-26
1804,Arabic,Grade 7,28,2022-02-07
1805,Biology,Grade 10,10,2024-01-09
1806,English,Grade 12,7,2022-04-18
1807,Arabic,Grade 9,54,2023-02-11
1808,Math,Grade 7,18,2022-02-15
1809,English,Grade 12,35,2022-04-05
1810,Physics,Grade 10,34,2023-05-10
1811,Arabic,Grade 12,13,2023-08-12
1812,English,Grade 8,5,2023-11-30
1813,Biology,Grade 12,42,2024-02-24
1814,Math,Grade 9,59,2023-06-10
1815,Math,Grade 7,51,2023-04-11
1816,Arabic,Grade 11,33,2022-01-07
1817,Chemistry,Grade 12,29,2022-10-27
1818,Biology,Grade 8,43,2022-05-14
1819,Math,Grade 9,24,2022-08-30
1820,Biology,Grade 8,16,2023-11-09
1821,Arabic,Grade 12,38,2022-04-29
1822,Arabic,Grade 7,26,2022-08-10
1823,Chemistry,Grade 9,48,2023-03-04
1824,Chemistry,Grade 7,18,2023-10-10
1825,Arabic,Grade 7,32,2022-08-23
1826,Physics,Grade 10,11,2022-06-16
1827,Physics,Grade 8,10,2023-08-04
1828,Math,Grade 10,40,2023-01-17
1829,Chemistry,Grade 10,36,2022-07-03
1830,Math,Grade 8,49,2023-05-18
1831,English,Grade 9,59,2023-08-04
1832,English,Grade 8,30,2024-02-22
1833,Biology,Grade 11,58,2023-01-30
1834,Arabic,Grade 9,10,2022-06-19
1835,English,Grade 10,38,2022-08-23
1836,Arabic,Grade 7,47,2023-10-25
1837,English,Grade 7,52,2023-05-02
1838,English,Grade 10,54,2024-01-18
1839,Physics,Grade 9,33,2022-04-07
1840,Math,Grade 12,10,2022-04-04
1841,Math,Grade 11,5,2022-11-02
1842,Biology,Grade 9,12,2022-11-12
1843,Math,Grade 8,12,2022-03-17
1844,Biology,Grade 11,30,2023-08-02
1845,Math,Grade 8,26,2024-01-30
1846,English,Grade 9,49,2024-01-25
1847,Chemistry,Grade 10,20,2023-05-31
1848,Arabic,Grade 10,14,2023-02-18
1849,Biology,Grade 8,21,2023-04-19
1850,Arabic,Grade 11,49,2023-02-26
1851,Arabic,Grade 8,12,2023-03-03
1852,Math,Grade 11,54,2023-12-01
1853,Math,Grade 7,24,2023-06-25
1854,Biology,Grade 9,53,2023-07-17
1855,Physics,Grade 10,5,2023-05-18
1856,Physics,Grade 10,57,2023-10-23
1857,Arabic,Grade 12,48,2022-12-08
1858,Physics,Grade 11,35,2022-02-11
1859,Chemistry,Grade 12,26,2023-06-24
1860,Math,Grade 7,47,2023-08-29
1861,English,Grade 10,29,2022-11-03
1862,Arabic,Grade 12,55,2023-01-10
1863,Math,Grade 12,16,2022-07-16
1864,Physics,Grade 8,33,2023-12-22
1865,Chemistry,Grade 8,6,2023-01-06
1866,Chemistry,Grade 12,18,2022-09-04
1867,Biology,Grade 10,54,2022-12-20
1868,Arabic,Grade 11,28,2024-03-01
1869,Chemistry,Grade 9,29,2023-01-14
1870,Arabic,Grade 7,51,2022-02-08
1871,Arabic,Grade 12,28,2023-12-28
1872,Arabic,Grade 12,16,2023-01-30
1873,Math,Grade 12,7,2023-12-01
1874,Arabic,Grade 9,19,2024-01-01
1875,Physics,Grade 7,49,2022-05-16
1876,Chemistry,Grade 10,14,2023-09-11
1877,Math,Grade 12,14,2023-09-20
1878,Chemistry,Grade 11,44,2024-03-02
1879,Physics,Grade 8,46,2023-05-05
1880,Math,Grade 12,31,2023-10-18
1881,Biology,Grade 12,10,2022-04-19
1882,Physics,Grade 8,42,2022-05-26
1883,Biology,Grade 8,34,2022-10-15
1884,Chemistry,Grade 12,13,2022-12-14
1885,Physics,Grade 11,44,2022-07-30
1886,Biology,Grade 12,37,2022-01-24
1887,Biology,Grade 9,27,2022-07-19
1888,English,Grade 10,58,2023-05-20
1889,Math,Grade 11,25,2022-10-28
1890,Math,Grade 12,55,2023-12-11
1891,Chemistry,Grade 10,5,2023-12-01
1892,Physics,Grade 10,44,2023-07-04
1893,Biology,Grade 9,51,2023-01-10
1894,Physics,Grade 8,16,2023-12-02
1895,Arabic,Grade 7,39,2022-05-30
1896,English,Grade 11,50,2024-02-03
1897,English,Grade 11,27,2022-04-03
1898,Chemistry,Grade 11,58,2023-04-30
1899,English,Grade 10,38,2022-03-11
1900,English,Grade 9,38,2022-12-19
1901,Chemistry,Grade 11,31,2022-10-23
1902,English,Grade 10,36,2023-07-22
1903,English,Grade 12,55,2022-05-03
1904,English,Grade 9,23,2023-03-17
1905,Math,Grade 7,22,2023-03-25
1906,English,Grade 9,12,2023-07-06
1907,English,Grade 8,53,2022-04-17
1908,Biology,Grade 7,39,2022-06-26
1909,Physics,Grade 12,52,2023-09-05
1910,Biology,Grade 7,53,2022-03-16
1911,Chemistry,Grade 12,40,2022-08-11
1912,Biology,Grade 7,53,2022-11-08
1913,Chemistry,Grade 10,53,2022-10-05
1914,Arabic,Grade 12,32,2023-12-21
1915,Biology,Grade 7,40,2022-05-14
1916,Chemistry,Grade 10,42,2022-11-12
1917,Biology,Grade 8,58,2023-12-28
1918,Biology,Grade 7,48,2024-02-08
1919,Physics,Grade 11,56,2024-03-09
1920,Biology,Grade 10,43,2022-05-06
1921,Biology,Grade 10,44,2023-09-27
1922,English,Grade 9,54,2023-03-17
1923,Biology,Grade 12,9,2023-05-07
1924,Chemistry,Grade 7,42,2022-10-15
1925,Chemistry,Grade 7,53,2023-04-03
1926,English,Grade 9,17,2022-09-19
1927,Biology,Grade 12,19,2023-05-20
1928,Arabic,Grade 12,8,2022-08-28
1929,English,Grade 10,59,2022-10-25
1930,Biology,Grade 10,42,2023-04-07
1931,Biology,Grade 9,35,2022-09-11
1932,English,Grade 8,34,2023-08-11
1933,Chemistry,Grade 10,6,2022-02-17
1934,Math,Grade 7,11,2023-05-30
1935,Math,Grade 8,13,2022-08-07
1936,Biology,Grade 11,33,2022-08-04
1937,Arabic,Grade 9,34,2023-11-22
1938,Physics,Grade 10,23,2023-09-10
1939,Chemistry,Grade 10,26,2023-11-07
1940,Physics,Grade 9,53,2023-07-19
1941,Physics,Grade 12,40,2023-04-30
1942,English,Grade 12,57,2022-06-19
1943,Arabic,Grade 10,7,2022-11-28
1944,Arabic,Grade 10,34,2022-12-22
1945,Math,Grade 12,41,2023-11-11
1946,Chemistry,Grade 12,20,2023-09-03
1947,Math,Grade 7,55,2023-05-02
1948,Arabic,Grade 7,6,2022-02-20
1949,Arabic,Grade 10,45,2023-08-19
1950,English,Grade 10,15,2022-07-09
1951,Chemistry,Grade 10,51,2023-11-18
1952,Chemistry,Grade 12,32,2023-03-09
1953,Biology,Grade 10,33,2022-01-30
1954,Biology,Grade 8,31,2023-02-23
1955,Physics,Grade 7,49,2024-01-16
1956,Chemistry,Grade 10,10,2023-08-27
1957,Chemistry,Grade 10,42,2022-05-25
1958,Math,Grade 7,22,2023-08-18
1959,Math,Grade 12,44,2022-11-07
1960,Biology,Grade 12,9,2023-08-02
1961,Physics,Grade 11,14,2022-12-12
1962,Arabic,Grade 10,26,2022-12-01
1963,Biology,Grade 9,45,2022-08-30
1964,Math,Grade 8,28,2024-01-22
1965,Arabic,Grade 12,11,2022-09-06
1966,English,Grade 11,37,2023-11-19
1967,Physics,Grade 11,16,2022-06-24
1968,Math,Grade 7,21,2023-04-09
1969,Biology,Grade 12,40,2023-02-10
1970,Biology,Grade 8,38,2023-10-22
1971,Physics,Grade 9,24,2023-06-18
1972,Biology,Grade 8,57,2023-05-29
1973,Physics,Grade 11,54,2023-11-16
1974,Chemistry,Grade 11,19,2024-03-08
1975,Math,Grade 8,13,2022-11-25
1976,Chemistry,Grade 7,20,2022-04-23
1977,Chemistry,Grade 7,12,2023-03-31
1978,Biology,Grade 11,27,2022-11-01
1979,Arabic,Grade 9,48,2023-01-18
1980,Biology,Grade 11,11,2023-07-27
1981,Math,Grade 8,32,2023-06-22
1982,Biology,Grade 10,35,2022-08-01
1983,Math,Grade 10,44,2022-11-17
1984,Arabic,Grade 9,14,2022-03-21
1985,English,Grade 9,19,2022-10-04
1986,Arabic,Grade 9,11,2022-10-15
1987,Arabic,Grade 7,46,2023-09-13
1988,Math,Grade 11,59,2022-03-16
1989,Arabic,Grade 8,26,2023-06-01
1990,Chemistry,Grade 11,56,2023-07-16
1991,Biology,Grade 8,57,2022-02-12
1992,Biology,Grade 10,26,2023-09-16
1993,Math,Grade 11,43,2022-08-30
1994,English,Grade 8,25,2022-01-27
1995,Physics,Grade 8,25,2023-01-21
1996,Physics,Grade 10,30,2022-02-11
1997,Biology,Grade 12,46,2023-03-14
1998,Physics,Grade 11,58,2022-02-03
1999,Physics,Grade 11,14,2023-07-10
2000,Physics,Grade 7,29,2023-12-03
